Strain,Substrate,Abbreviation,DP Zone,pH S00,pH S01,OD600 S00 [AU],OD600 S01 [AU],"acetate S00 
[g/L]","acetate S01 
[g/L]",Acetate produced (g/L),STD acetate,"ethanol S00 
[g/L]","ethanol S01 
[g/L]",Ethanol produced (g/L),STD ethanol,"butyrate S00 
[g/L]","butyrate S01 
[g/L]",Butyrate produced (g/L),"lactate S00
[g/L]","lactate S01 
[g/L]",Lactate produced (g/L),Lactate STD,"butanol S00
[g/L]","butanol S01 
[g/L]",Butanol produced (g/L),Formic produced (g/L)
Blautia schinkii DSM 10518,Mannose,ME,Z1,6.76,6.037,0.32,1.164,0.2807,2.7155,1.833466667,0.162393052,0,1.3172,0.131933333,0.090346075,0,0,0,0.033,0.0587,0.0049,0.001212436,0,0,0,0.217
Blautia schinkii DSM 10518,Mannose,ME,Z2,6.76,5.963,0.32,1.272,0.2807,2.971,2.088966667,,0,1.4322,0.246933333,,0,0,0,0.033,0.0611,0.0073,,0,0,0,0.221
Blautia schinkii DSM 10518,Mannose,ME,Z3,6.76,5.997,0.32,1.248,0.2807,2.6696,1.787566667,,0,1.254,0.068733333,,0,0,0,0.033,0.0602,0.0064,,0,0,0,0.281
Blautia schinkii DSM 10518,Galactose,GA,Z1,7.045,5.321,0.229,1.236,0.2727,2.2832,1.401166667,0.014364308,0,1.1715,-0.013766667,0.028875999,0,0,0,0.0352,0.0563,0.0025,0.006712178,0,0,0,0
Blautia schinkii DSM 10518,Galactose,GA,Z2,7.045,5.294,0.229,1.236,0.2727,2.2612,1.379166667,,0,1.1222,-0.063066667,,0,0,0,0.0352,0.0433,-0.0105,,0,0,0,0
Blautia schinkii DSM 10518,Galactose,GA,Z3,7.045,5.303,0.229,1.26,0.2727,2.2562,1.374166667,,0,1.1729,-0.012366667,,0,0,0,0.0352,0.0527,-0.0011,,0,0,0,0
Blautia schinkii DSM 10518,Rhamnose,RH,Z1,6.786,5.584,0.247,1.518,0.2815,2.836,1.953966667,0.053749543,0,0.8575,-0.327766667,0.080599152,0,0,0,0.028,0.0686,0.0148,0.001752142,0,0,0,0
Blautia schinkii DSM 10518,Rhamnose,RH,Z2,6.786,5.628,0.247,1.446,0.2815,2.7348,1.852766667,,0,0.9634,-0.221866667,,0,0,0,0.028,0.0667,0.0129,,0,0,0,0
Blautia schinkii DSM 10518,Rhamnose,RH,Z3,6.786,5.636,0.247,1.494,0.2815,2.754,1.871966667,,0,1.0157,-0.169566667,,0,0,0,0.028,0.0702,0.0164,,0,0,0,0
Blautia schinkii DSM 10518,Mannitol,ML,Z1,7.182,6.206,0.234,0.38,0.2644,0.9188,0.036766667,0.055358017,0,1.0746,-0.110666667,0.069250945,0,0,0,0.0337,0.0928,0.039,0.012446686,0,0,0,0
Blautia schinkii DSM 10518,Mannitol,ML,Z2,7.182,6.225,0.234,0.385,0.2644,1.0077,0.125666667,,0,1.1484,-0.036866667,,0,0,0,0.0337,0.0838,0.03,,0,0,0,0
Blautia schinkii DSM 10518,Mannitol,ML,Z3,7.182,6.165,0.234,0.461,0.2644,0.9061,0.024066667,,0,1.213,0.027733333,,0,0,0,0.0337,0.0682,0.0144,,0,0,0,0
Blautia schinkii DSM 10518,Xylose,XY,Z1,6.996,5.789,0.23,1.32,0.2673,1.8489,0.966866667,0.07952968,0,1.4758,0.290533333,0.029721877,0,0,0,0.0264,0.0454,-0.0084,0.005810622,0,0,0,0.503
Blautia schinkii DSM 10518,Xylose,XY,Z2,6.996,5.845,0.23,1.47,0.2673,1.886,1.003966667,,0,1.4567,0.271433333,,0,0,0,0.0264,0.0526,-0.0012,,0,0,0,0.445
Blautia schinkii DSM 10518,Xylose,XY,Z3,6.996,5.737,0.23,1.374,0.2673,2.0014,1.119366667,,0,1.515,0.329733333,,0,0,0,0.0264,0.0569,0.0031,,0,0,0,0.519
Blautia schinkii DSM 10518,Arabinose,AR,Z1,7.06,5.495,0.232,1.47,0.2485,2.9892,2.107166667,0.004158125,0,1.4667,0.281433333,0.066550507,0,0,0,0.0272,0.0221,-0.0317,0.004077172,0,0,0,0
Blautia schinkii DSM 10518,Arabinose,AR,Z2,7.06,5.447,0.232,1.404,0.2485,2.9921,2.110066667,,0,1.3853,0.200033333,,0,0,0,0.0272,0.0164,-0.0374,,0,0,0,0
Blautia schinkii DSM 10518,Arabinose,AR,Z3,7.06,5.472,0.232,1.422,0.2485,2.9974,2.115366667,,0,1.3348,0.149533333,,0,0,0,0.0272,0.0243,-0.0295,,0,0,0,0
Blautia schinkii DSM 10518,Glucose,GL,Z1,6.946,5.311,0.25,1.566,0.2676,1.9579,1.075866667,0.04205001,0,1.2536,0.068333333,0.029851354,0,0,0,0.0276,0.0945,0.0407,0.001,0,0,0,0.096
Blautia schinkii DSM 10518,Glucose,GL,Z2,6.946,5.245,0.25,1.5,0.2676,2.0398,1.157766667,,0,1.2157,0.030433333,,0,0,0,0.0276,0.0965,0.0427,,0,0,0,0.11
Blautia schinkii DSM 10518,Glucose,GL,Z3,6.946,5.35,0.25,1.668,0.2676,2.0154,1.133366667,,0,1.2746,0.089333333,,0,0,0,0.0276,0.0955,0.0417,,0,0,0,0.096
Blautia schinkii DSM 10518,Fructose,FR,Z1,7.041,5.739,0.26,1.008,0.2906,2.0628,1.180766667,0.078915081,0,0.9269,-0.258366667,0.198123556,0,0,0,0.0478,0.0796,0.0258,0.002051828,0,0,0,0.207
Blautia schinkii DSM 10518,Fructose,FR,Z2,7.041,5.69,0.26,1.11,0.2906,2.1841,1.302066667,,0,1.2448,0.059533333,,0,0,0,0.0478,0.0777,0.0239,,0,0,0,0.24
Blautia schinkii DSM 10518,Fructose,FR,Z3,7.041,5.785,0.26,1.098,0.2906,2.036,1.153966667,,0,1.2907,0.105433333,,0,0,0,0.0478,0.0755,0.0217,,0,0,0,0.427
Blautia schinkii DSM 10518,Cellulose,CL,Z1,7.633,6.6,1.885,3.248,0.2246,1.0733,0.191266667,0.012994743,0,0.9732,-0.212066667,0.119769626,0,0,0,0.042,0.1228,0.069,0.002565801,0,0,0,0
Blautia schinkii DSM 10518,Cellulose,CL,Z2,7.633,6.623,1.885,3.21,0.2246,1.0638,0.181766667,,0,1.0024,-0.182866667,,0,0,0,0.042,0.1178,0.064,,0,0,0,0
Blautia schinkii DSM 10518,Cellulose,CL,Z3,7.633,6.613,1.885,3.288,0.2246,1.0895,0.207466667,,0,0.7819,-0.403366667,,0,0,0,0.042,0.1213,0.0675,,0,0,0,0
Blautia schinkii DSM 10518,Cellobiose,CB,Z1,7.362,5.854,0.257,1.654,0.2694,3.3593,2.477266667,0.228140425,0,1.8267,0.641433333,0.119514281,0,0,0,0.0224,0.1804,0.1266,0.053924237,0,0,0,0.763
Blautia schinkii DSM 10518,Cellobiose,CB,Z2,7.362,5.743,0.257,1.692,0.2694,2.9277,2.045666667,,0,1.7742,0.588933333,,0,0,0,0.0224,0.2767,0.2229,,0,0,0,1.01
Blautia schinkii DSM 10518,Cellobiose,CB,Z3,7.362,5.976,0.257,1.662,0.2694,3.0153,2.133266667,,0,1.5985,0.413233333,,0,0,0,0.0224,0.1865,0.1327,,0,0,0,0.881
Blautia schinkii DSM 10518,Xylobiose,XB,Z1,7.548,7.143,0.248,0.882,0.2842,2.1409,1.258866667,0.083727793,0,1.0144,-0.170866667,0.034552038,0,0,0,0.0513,0.1698,0.116,0.049609105,0,0,0,0
Blautia schinkii DSM 10518,Xylobiose,XB,Z2,7.548,7.096,0.248,0.918,0.2842,2.051,1.168966667,,0,1.0483,-0.136966667,,0,0,0,0.0513,0.1831,0.1293,,0,0,0,0
Blautia schinkii DSM 10518,Xylobiose,XB,Z3,7.548,7.185,0.248,0.887,0.2842,1.9736,1.091566667,,0,1.0835,-0.101766667,,0,0,0,0.0513,0.2616,0.2078,,0,0,0,0
Blautia schinkii DSM 10518,Xylotriose,XT,Z1,7.541,7.127,0.258,0.942,0.2826,1.962,1.079966667,0.047849382,0,0.8932,-0.292066667,0.063767311,0,0,0,0.0386,0.1608,0.107,0.010383801,0,0,0,0
Blautia schinkii DSM 10518,Xylotriose,XT,Z2,7.541,7.141,0.258,0.96,0.2826,2.0257,1.143666667,,0,0.9873,-0.197966667,,0,0,0,0.0386,0.1794,0.1256,,0,0,0,0
Blautia schinkii DSM 10518,Xylotriose,XT,Z3,7.541,7.086,0.258,0.972,0.2826,1.932,1.049966667,,0,1.0148,-0.170466667,,0,0,0,0.0386,0.1781,0.1243,,0,0,0,0
Blautia schinkii DSM 10518,Sucrose,SU,Z1,7.615,5.543,0.242,1.524,0.2747,1.1909,0.308866667,0.106152783,0,1.3341,0.148833333,0.054061477,0,0,0,0.0285,0.3145,0.2607,0.021658486,0,0,0,0.87
Blautia schinkii DSM 10518,Sucrose,SU,Z2,7.615,5.564,0.242,1.59,0.2747,1.2527,0.370666667,,0,1.2934,0.108133333,,0,0,0,0.0285,0.2892,0.2354,,0,0,0,0.814
Blautia schinkii DSM 10518,Sucrose,SU,Z3,7.615,5.594,0.242,1.56,0.2747,1.3977,0.515666667,,0,1.227,0.041733333,,0,0,0,0.0285,0.2714,0.2176,,0,0,0,0.75
Blautia schinkii DSM 10518,Alginic acid,AL,Z1,6.917,6.712,0.266,0.525,0.1719,1.1597,0.277666667,0.042473403,0,1.0552,-0.130066667,0.04842255,0,0,0,0.0228,0.1328,0.079,0.011536175,0,0,0,0
Blautia schinkii DSM 10518,Alginic acid,AL,Z2,6.917,6.673,0.266,0.55,0.1719,1.1633,0.281266667,,0,0.9601,-0.225166667,,0,0,0,0.0228,0.1293,0.0755,,0,0,0,0
Blautia schinkii DSM 10518,Alginic acid,AL,Z3,6.917,6.667,0.266,0.518,0.1719,1.088,0.205966667,,0,1.0235,-0.161766667,,0,0,0,0.0228,0.1508,0.097,,0,0,0,0
Blautia schinkii DSM 10518,Xylan,XN,Z1,7.22,5.566,0.234,1.296,0.3967,1.5213,0.639266667,0.022003712,0,1.361,0.175733333,0.032130515,0,0,0,0.0273,0.0448,-0.009,0.002350177,0,0,0,0.667
Blautia schinkii DSM 10518,Xylan,XN,Z2,7.22,5.597,0.234,1.338,0.3967,1.482,0.599966667,,0,1.3615,0.176233333,,0,0,0,0.0273,0.0424,-0.0114,,0,0,0,0.71
Blautia schinkii DSM 10518,Xylan,XN,Z3,7.22,5.59,0.234,1.338,0.3967,1.5188,0.636766667,,0,1.3056,0.120333333,,0,0,0,0.0273,0.0401,-0.0137,,0,0,0,0.692
Blautia schinkii DSM 10518,Laminaran,LM,Z1,6.936,6.79,0.254,0.457,0.2268,1.0796,0.197566667,0.047508982,0,0.8304,-0.354866667,0.044238709,0,0,0,0.0259,0.1605,0.1067,0.007472617,0,0,0,0
Blautia schinkii DSM 10518,Laminaran,LM,Z2,6.936,6.805,0.254,0.483,0.2268,1.1727,0.290666667,,0,0.8697,-0.315566667,,0,0,0,0.0259,0.1549,0.1011,,0,0,0,0
Blautia schinkii DSM 10518,Laminaran,LM,Z3,6.936,6.805,0.254,0.473,0.2268,1.1097,0.227666667,,0,0.7814,-0.403866667,,0,0,0,0.0259,0.1457,0.0919,,0,0,0,0
Blautia schinkii DSM 10518,Lactose,LC,Z1,7.351,5.102,0.251,1.686,0.2151,1.7585,0.876466667,0.090104162,0,1.0909,-0.094366667,0.093216808,0,0,0,0.0549,0.0362,-0.0176,0.012836017,0,0,0,0.129
Blautia schinkii DSM 10518,Lactose,LC,Z2,7.351,5.069,0.251,1.422,0.2151,1.6051,0.723066667,,0,1.2563,0.071033333,,0,0,0,0.0549,0.0597,0.0059,,0,0,0,0.349
Blautia schinkii DSM 10518,Lactose,LC,Z3,7.351,5.059,0.251,1.5,0.2151,1.7637,0.881666667,,0,1.0991,-0.086166667,,0,0,0,0.0549,0.039,-0.0148,,0,0,0,0.109
Blautia schinkii DSM 10518,Fucoidan,FU,Z1,7.413,6.759,0.253,0.561,0.2565,1.3845,0.502466667,0.065703678,0,0.8654,-0.319866667,0.043059145,0,0,0,0.0388,0.155,0.1012,0.010471071,0,0,0,0
Blautia schinkii DSM 10518,Fucoidan,FU,Z2,7.413,6.849,0.253,0.568,0.2565,1.2711,0.389066667,,0,0.9437,-0.241566667,,0,0,0,0.0388,0.1681,0.1143,,0,0,0,0
Blautia schinkii DSM 10518,Fucoidan,FU,Z3,7.413,6.797,0.253,0.588,0.2565,1.2703,0.388266667,,0,0.9356,-0.249666667,,0,0,0,0.0388,0.1757,0.1219,,0,0,0,0
Blautia schinkii DSM 10518,w/o c-source,NS,Z1,7.52,6.07,0.233,0.445,0.1813,0.8753,0,0.024018604,0,1.3056,0,0.11562912,0,0,0,0,0.057,0,0.003304542,0,0,0.096,0
Blautia schinkii DSM 10518,w/o c-source,NS,Z2,7.52,6.079,0.233,0.512,0.1813,0.9087,0,,0,1.075,0,,0,0,0,0,0.0504,0,,0,0,0.056,0
Blautia schinkii DSM 10518,w/o c-source,NS,Z3,7.52,6.144,0.233,0.456,0.1813,0.8621,0,,0,1.1752,0,,0,0,0,0,0.054,0,,0,0,0.079,0
Moorella thermoacetica DSM 2955,Mannose,ME,Z1,6.76,6.55,0.32,0.372,0.083,1.186,0.971,0.117287396,0.196,0.168,-0.005333333,0.003605551,,0,0,,0,0,0,0,0,0,0
Moorella thermoacetica DSM 2955,Mannose,ME,Z2,6.76,6.522,0.32,0.328,0.083,0.953,0.738,,0.196,0.166,,,,0,0,,0,0,0,0,0,0,0
Moorella thermoacetica DSM 2955,Mannose,ME,Z3,,,0.32,0.399,0.083,1.046,0.831,,0.196,0.161,,,,0,0,,0,0,0,0,0,0,0
Moorella thermoacetica DSM 2955,Galactose,GA,Z1,,,0.229,0.338,0.155,2.776,2.561,0.269188286,0.142,0.203,0.029666667,0.030512293,,0,0,,0,0,0,0,0,0,0
Moorella thermoacetica DSM 2955,Galactose,GA,Z2,7.045,6.557,0.229,0.288,0.155,2.255,2.04,,0.142,0.142,,,,0,0,,0,0,0,0,0,0,0
Moorella thermoacetica DSM 2955,Galactose,GA,Z3,,,0.229,0.285,0.155,2.633,2.418,,0.142,0.174,,,,0,0,,0,0,0,0,0,0,0
Moorella thermoacetica DSM 2955,Rhamnose,RH,Z1,6.786,6.63,0.247,0.424,0.077,0.277,0.062,0.005567764,0.154,0.167,-0.006333333,0.039153544,,0,0,,0,0,0,0,0,0,0
Moorella thermoacetica DSM 2955,Rhamnose,RH,Z2,6.786,6.641,0.247,0.416,0.077,0.281,0.066,,0.154,0.149,,,,0,0,,0,0,0,0,0,0,0
Moorella thermoacetica DSM 2955,Rhamnose,RH,Z3,6.786,6.615,0.247,0.376,0.077,0.27,0.055,,0.154,0.224,,,,0,0,,0,0,0,0,0,0,0
Moorella thermoacetica DSM 2955,Mannitol,ML,Z1,7.082,6.989,0.234,0.217,0.092,0.29,0.075,0.048294237,0.227,0.236,0.062666667,0.005507571,,0,0,,0,0,0,0,0,0,0
Moorella thermoacetica DSM 2955,Mannitol,ML,Z2,7.082,3.931,0.234,0.196,0.092,0.201,-0.014,,0.227,0.245,,,,0,0,,0,0,0,0,0,0,0
Moorella thermoacetica DSM 2955,Mannitol,ML,Z3,7.082,6.725,0.234,0.215,0.092,0.213,-0.002,,0.227,0.235,,,,0,0,,0,0,0,0,0,0,0
Moorella thermoacetica DSM 2955,Xylose,XY,Z1,6.996,5.524,0.23,0.496,0.141,1.418,1.203,0.021501938,0.148,0.192,0.008666667,0.01761628,,0,0,,0,0,0,0,0,0,0
Moorella thermoacetica DSM 2955,Xylose,XY,Z2,6.996,5.663,0.23,0.448,0.141,1.405,1.19,,0.148,0.226,,,,0,0,,0,0,0,0,0,0,0
Moorella thermoacetica DSM 2955,Xylose,XY,Z3,6.996,5.864,0.23,0.466,0.141,1.376,1.161,,0.148,0.201,,,,0,0,,0,0,0,0,0,0,0
Moorella thermoacetica DSM 2955,Arabinose,AR,Z1,7.06,6.587,0.232,0.402,0.135,0.542,0.327,0.004949747,0.176,0.182,0.008666667,0.016802778,,0,0,,0,0,0,0,0,0,0
Moorella thermoacetica DSM 2955,Arabinose,AR,Z2,7.06,6.576,0.232,0.351,0.135,0.549,0.334,,0.176,0.16,,,,0,0,,0,0,0,0,0,0,0
Moorella thermoacetica DSM 2955,Glucose,GL,Z1,6.946,5.761,0.25,0.974,0.147,4.176,3.961,0.217086004,0.155,0.149,-0.024333333,0.030405592,,0,0,,0,0,0,0,0,0,0
Moorella thermoacetica DSM 2955,Glucose,GL,Z2,6.946,5.718,0.25,0.96,0.147,4.273,4.058,,0.155,0.192,,,,0,0,,0,0,0,0,0,0,0
Moorella thermoacetica DSM 2955,Glucose,GL,Z3,,,0.25,1.087,0.147,3.858,3.643,,,,,,,0,0,,0,0,0,0,0,0,0
Moorella thermoacetica DSM 2955,Fructose,FR,Z1,7.041,5.401,0.26,1.385,0.165,3.601,3.386,0.016263456,0.158,0.145,-0.028333333,0.027465129,,0,0,,0,0,0,0,0,0,0
Moorella thermoacetica DSM 2955,Fructose,FR,Z2,7.041,5.44,0.26,1.465,0.165,3.624,3.409,,0.158,0.159,,,,0,0,,0,0,0,0,0,0,0
Moorella thermoacetica DSM 2955,Cellulose,CL,Z1,7.633,7.078,1.885,1.497,0.168,0.31,0.095,0.01835756,0.19,0.198,0.024666667,0.005859465,,0,0,,0,0,0,0,0,0,0
Moorella thermoacetica DSM 2955,Cellulose,CL,Z2,7.233,7.225,1.885,1.809,0.168,0.276,0.061,,0.19,0.2,,,,0,0,,0,0,0,0,0,0,0
Moorella thermoacetica DSM 2955,Cellulose,CL,Z3,7.233,7.072,1.885,1.783,0.168,0.281,0.066,,0.19,0.189,,,,0,0,,0,0,0,0,0,0,0
Moorella thermoacetica DSM 2955,Cellobiose,CB,Z1,7.062,6.776,0.257,0.328,0.099,0.235,0.02,0.01900877,0.174,0.184,0.010666667,0.033045423,,0,0,,0,0,0,0,0,0,0
Moorella thermoacetica DSM 2955,Cellobiose,CB,Z2,7.062,6.921,0.257,0.413,0.099,0.253,0.038,,0.174,0.19,,,,0,0,,0,0,0,0,0,0,0
Moorella thermoacetica DSM 2955,Cellobiose,CB,Z3,7.362,6.881,0.257,0.321,0.099,0.215,0,,0.174,0.13,,,,0,0,,0,0,0,0,0,0,0
Moorella thermoacetica DSM 2955,Xylobiose,XB,Z1,6.948,6.416,0.248,0.492,0.091,0.208,-0.007,0.030347982,0.193,0.23,0.056666667,0.030138569,,0,0,,0,0,0,0,0,0,0
Moorella thermoacetica DSM 2955,Xylobiose,XB,Z2,6.948,6.769,0.248,0.528,0.091,0.205,-0.01,,0.193,0.205,,,,0,0,,0,0,0,0,0,0,0
Moorella thermoacetica DSM 2955,Xylotriose,XT,Z1,6.941,6.514,0.258,0.415,0.09,0.259,0.044,0.018770544,0.251,0.265,0.091666667,0.019655364,,0,0,,0,0,0,0,0,0,0
Moorella thermoacetica DSM 2955,Xylotriose,XT,Z2,6.941,6.701,0.258,0.402,0.09,0.222,0.007,,0.251,0.267,,,,0,0,,0,0,0,0,0,0,0
Moorella thermoacetica DSM 2955,Xylotriose,XT,Z3,6.941,6.72,0.258,0.471,0.09,0.235,0.02,,0.251,0.232,,,,0,0,,0,0,0,0,0,0,0
Moorella thermoacetica DSM 2955,Sucrose,SU,Z1,7.115,6.993,0.242,0.291,0.095,0.255,0.04,0.002828427,0.266,0.233,0.059666667,0.04707795,,0,0,,0,0,0,0,0,0,0
Moorella thermoacetica DSM 2955,Sucrose,SU,Z2,7.115,7.036,0.242,0.25,0.095,0.251,0.036,,0.266,0.248,,,,0,0,,0,0,0,0,0,0,0
Moorella thermoacetica DSM 2955,Alginic acid,AL,Z1,6.917,7.013,0.266,0.268,0.082,0.24,0.025,0.137703788,0.14,0.16,-0.013333333,0.009712535,,0,0,,0,0,0,0,0,0,0
Moorella thermoacetica DSM 2955,Alginic acid,AL,Z3,6.917,7.373,0.266,0.417,0.082,0.258,0.043,,0.14,0.141,,,,0,0,,0,0,0,0,0,0,0
Moorella thermoacetica DSM 2955,Xylan,XN,Z1,7.02,6.347,0.234,0.828,0.104,0.487,0.272,0.004242641,0.165,0.147,-0.026333333,0.008888194,,0,0,,0,0,0,0,0,0,0
Moorella thermoacetica DSM 2955,Xylan,XN,Z2,7.02,6.232,0.234,0.667,0.104,0.493,0.278,,0.165,0.13,,,,0,0,,0,0,0,0,0,0,0
Moorella thermoacetica DSM 2955,Laminaran,LM,Z1,6.936,6.935,0.254,0.231,0.098,0.239,0.024,0.008888194,0.138,0.134,-0.039333333,0.014,,0,0,,0,0,0,0,0,0,0
Moorella thermoacetica DSM 2955,Laminaran,LM,Z2,6.936,7.052,0.254,0.197,0.098,0.222,0.007,,0.138,0.156,,,,0,0,,0,0,0,0,0,0,0
Moorella thermoacetica DSM 2955,Laminaran,LM,Z3,6.936,6.842,0.254,0.159,0.098,0.235,0.02,,0.138,0.13,,,,0,0,,0,0,0,0,0,0,0
Moorella thermoacetica DSM 2955,Lactose,LC,Z1,7.051,6.829,0.251,0.28,0.037,0.245,0.03,0.015556349,0.274,0.156,-0.017333333,0.024748737,,0,0,,0,0,0,0,0,0,0
Moorella thermoacetica DSM 2955,Lactose,LC,Z2,7.051,6.869,0.251,0.294,0.037,0.223,0.008,,0.274,0.121,,,,0,0,,0,0,0,0,0,0,0
Moorella thermoacetica DSM 2955,Lactose,LC,Z3,7.051,6.955,0.251,0.308,,,,,,,,,,0,0,,0,0,0,0,0,0,0
Moorella thermoacetica DSM 2955,Fucoidan,FU,Z1,7.413,6.922,0.253,0.343,0.059,0.17,-0.045,0.006363961,0.099,0.108,-0.065333333,0.030237945,,0,0,,0,0,0,0,0,0,0
Moorella thermoacetica DSM 2955,Fucoidan,FU,Z2,7.413,7.014,0.253,0.467,0.059,0.161,-0.054,,0.099,0.09,,,,0,0,,0,0,0,0,0,0,0
Moorella thermoacetica DSM 2955,w/o c-source,NS,Z1,7.52,6.896,0.233,0.286,,0.19,-0.025,0.041581246,,0.149,-0.024333333,0.04214657,,0,0,,0,0,0,0,0,0,0
Moorella thermoacetica DSM 2955,w/o c-source,NS,Z2,7.52,7.086,0.233,0.345,,0.192,-0.023,,,0.222,,,,0,0,,0,0,0,0,0,0,0
Moorella thermoacetica DSM 2955,w/o c-source,NS,Z3,7.52,7.144,0.233,0.292,,0.263,0.048,,,0.149,,,,0,0,,0,0,0,0,0,0,0
Acetivibrio thermocellus DSM 1237,Mannose,ME,Z1,6.76,4.957,0.155,1.29,0.2695,4.2825,3.697833333,0.028991378,0.1424,0.8435,0.2165,0.092206724,0,0.071,0.019,0,0.141,0.2312,0.004949747,0,0,0,
Acetivibrio thermocellus DSM 1237,Mannose,ME,Z2,6.76,4.974,0.155,1.275,,,,,,,,,,,,,,,,,,,
Acetivibrio thermocellus DSM 1237,Mannose,ME,Z3,6.76,4.991,0.155,1.26,0.2695,4.3235,,,0.1424,0.7131,,,0,0.033,-0.019,0,0.148,0.148,,0,0,0,
Acetivibrio thermocellus DSM 1237,Galactose,GA,Z1,7.045,7.087,0.211,0.22,0.2933,0.6586,0.073933333,0.021391353,0.3017,0.6181,-0.0089,0.051037764,0,0.0529,0.0009,0,0,0,0,0,0,0,
Acetivibrio thermocellus DSM 1237,Galactose,GA,Z2,7.045,7.106,0.211,0.232,0.2933,0.7009,,,0.3017,0.5297,,,0,0.064,0.012,0,0,0,,0,0,0,
Acetivibrio thermocellus DSM 1237,Galactose,GA,Z3,7.045,7.096,0.211,0.229,0.2933,0.6853,,,0.3017,0.6181,,,0,0.067,0.015,0,0,0,,0,0,0,
Acetivibrio thermocellus DSM 1237,Rhamnose,RH,Z1,6.786,6.71,0.169,0.263,0.2276,0.938,0.353333333,0.011384419,0.1244,0.5974,-0.0296,0.095176573,0,0.101,0.049,0,0,0,0,0,0,0,
Acetivibrio thermocellus DSM 1237,Rhamnose,RH,Z2,6.786,6.67,0.169,0.256,0.2276,0.9219,,,0.1244,0.732,0.105,,0,0.112,0.06,0,0,0,,0,0,0,
Acetivibrio thermocellus DSM 1237,Mannitol,ML,Z1,7.482,5.997,0.171,0.494,0.1718,5.5703,4.985633333,0.067098833,0.5674,0.6382,0.0112,0.016225392,0,0.091,0.039,0,0.0436,0.0436,0.010715565,0,0,0,
Acetivibrio thermocellus DSM 1237,Mannitol,ML,Z2,7.482,5.856,0.171,0.509,0.1718,5.4529,,,0.5674,0.6485,0.0215,,0,0.109,0.057,0,0.0475,0.0475,,0,0,0,
Acetivibrio thermocellus DSM 1237,Mannitol,ML,Z3,7.482,6.081,0.171,0.503,0.1718,5.4553,,,0.5674,0.67,0.043,,0,0.096,0.044,0,0.0273,0.0273,,0,0,0,
Acetivibrio thermocellus DSM 1237,Xylose,XY,Z1,6.996,6.881,0.214,0.305,0.3267,0.7429,0.158233333,0.029964368,0.4375,0.809,0.182,0.050449215,0,0.102,0.05,0,0.1662,0.1662,0.03117948,0,0,0,
Acetivibrio thermocellus DSM 1237,Xylose,XY,Z2,6.996,6.874,0.214,0.308,0.3267,0.7694,,,0.4375,0.7119,0.0849,,0,0.0865,0.0345,0,0.1654,0.1654,,0,0,0,
Acetivibrio thermocellus DSM 1237,Xylose,XY,Z3,6.996,6.919,0.214,0.286,0.3267,0.7096,,,0.4375,0.7842,0.1572,,0,0.071,0.019,0,0.1118,0.1118,,0,0,0,
Acetivibrio thermocellus DSM 1237,Arabinose,AR,Z1,7.06,6.925,0.167,0.251,0.1981,0.5649,-0.019766667,0.041350816,0.0383,0.3316,-0.2954,0.051980381,0,0.0788,0.0268,0,0.1296,0.1296,0.003899145,0,0,0,
Acetivibrio thermocellus DSM 1237,Arabinose,AR,Z2,7.06,6.969,0.167,0.262,0.1981,0.6131,,,0.0383,0.4338,-0.1932,,0,0.0747,0.0227,0,0.1352,0.1352,,0,0,0,
Acetivibrio thermocellus DSM 1237,Arabinose,AR,Z3,7.06,6.967,0.167,0.281,0.1981,0.6472,,,0.0383,0.3662,-0.2608,,0,0.0721,0.0201,0,0.1371,0.1371,,0,0,0,
Acetivibrio thermocellus DSM 1237,Glucose,GL,Z1,6.946,5.048,0.17,0.641,0.2678,4.6843,4.099633333,0.209562711,0.1817,1.0442,0.4172,0.141506231,0,0.125,0.073,0,0.1266,0.1266,0.007884795,0,0,0,
Acetivibrio thermocellus DSM 1237,Glucose,GL,Z2,6.946,5.063,0.17,0.608,0.2678,4.6058,,,0.1817,0.9004,0.2734,,0,0.094,0.042,0,0.1132,0.1132,,0,0,0,
Acetivibrio thermocellus DSM 1237,Glucose,GL,Z3,6.946,5.196,0.17,0.525,0.2678,4.2885,,,0.1817,0.7612,0.1342,,0,0.124,0.072,0,0.1127,0.1127,,0,0,0,
Acetivibrio thermocellus DSM 1237,Fructose,FR,Z1,7.041,5.004,0.163,1.095,0.1218,4.8828,4.298133333,0.10382718,0.0297,0.8699,0.2429,0.168332172,0,0.084,0.032,0,0.1244,0.1244,0.027990058,0,0,0,
Acetivibrio thermocellus DSM 1237,Fructose,FR,Z2,7.041,4.984,0.163,1.06,0.1218,4.7183,,,0.0297,0.6215,-0.0055,,0,0.089,0.037,0,0.1132,0.1132,,0,0,0,
Acetivibrio thermocellus DSM 1237,Fructose,FR,Z3,7.041,5.097,0.163,1.075,0.1218,4.6908,,,0.0297,0.5489,-0.0781,,0,0.063,0.011,0,0.1663,0.1663,,0,0,0,
Acetivibrio thermocellus DSM 1237,Cellulose,CL,Z1,7.633,7.448,0.679,0.502,0.1455,0.7869,0.202233333,0.053328135,0.0763,0.7116,0.0846,0.040750746,0,0.1384,0.0864,0,0,0,0,0,0,0,0.289
Acetivibrio thermocellus DSM 1237,Cellulose,CL,Z2,7.633,7.463,0.679,0.468,0.1455,0.7987,,,0.0763,0.7037,0.0767,,0,0.1314,0.0794,0,0,0,,0,0,0,0.299
Acetivibrio thermocellus DSM 1237,Cellulose,CL,Z3,7.633,7.545,0.679,0.39,0.1455,0.701,,,0.0763,0.6374,0.0104,,0,0.1153,0.0633,0,0,0,,0,0,0,0.272
Acetivibrio thermocellus DSM 1237,Cellobiose,CB,Z1,7.362,7.166,0.143,0.284,0.0385,1.2092,0.624533333,0.039771221,0,0.5464,-0.0806,0.02235151,0,0.1046,0.0526,0,0,0,0,0,0,0,0.214
Acetivibrio thermocellus DSM 1237,Cellobiose,CB,Z2,7.362,7.161,0.143,0.288,0.0385,1.2347,,,0,0.502,-0.125,,0,0.1025,0.0505,0,0,0,,0,0,0,0.222
Acetivibrio thermocellus DSM 1237,Cellobiose,CB,Z3,7.362,6.695,0.143,0.273,0.0385,1.2872,,,0,0.5287,-0.0983,,0,0.1047,0.0527,0,0,0,,0,0,0,0.261
Acetivibrio thermocellus DSM 1237,Xylobiose,XB,Z1,7.548,7.492,0.164,0.177,0.1548,0.7405,0.155833333,0.043448514,0,0.4099,-0.2171,0.046250081,0,0.128,0.076,0,0,0,0,0,0,0,0.263
Acetivibrio thermocellus DSM 1237,Xylobiose,XB,Z2,7.548,7.529,0.164,0.184,0.1548,0.6553,,,0,0.3635,-0.2635,,0,0.1058,0.0538,0,0,0,,0,0,0,0.261
Acetivibrio thermocellus DSM 1237,Xylobiose,XB,Z3,7.548,7.481,0.164,0.189,0.1548,0.7127,,,0,0.456,-0.171,,0,0.1287,0.0767,0,0,0,,0,0,0,0.255
Acetivibrio thermocellus DSM 1237,Xylotriose,XT,Z1,7.541,7.517,0.158,0.199,0.196,0.7597,0.175033333,0.044725981,0.1202,0.4315,-0.1955,0.075213851,0,0.1536,0.1016,0,0,0,0,0,0,0,0.259
Acetivibrio thermocellus DSM 1237,Xylotriose,XT,Z2,7.541,7.494,0.158,0.203,0.196,0.7745,,,0.1202,0.5819,-0.0451,,0,0.1153,0.0633,0,0,0,,0,0,0,0.264
Acetivibrio thermocellus DSM 1237,Xylotriose,XT,Z3,7.541,7.507,0.158,0.175,0.196,0.6907,,,0.1202,0.5092,-0.1178,,0,0.1169,0.0649,0,0,0,,0,0,0,0.247
Acetivibrio thermocellus DSM 1237,Sucrose,SU,Z1,7.615,7.158,0.179,0.217,0.0848,1.7487,1.164033333,0.059326259,0.0606,0.5839,-0.0431,0.033234019,0,0.1032,0.0512,0,0,0,0,0,0,0,0.274
Acetivibrio thermocellus DSM 1237,Sucrose,SU,Z2,7.615,7.172,0.179,0.258,0.0848,1.6648,,,0.0606,0.5369,-0.0901,,0,0.0932,0.0412,0,0,0,,0,0,0,0.237
Acetivibrio thermocellus DSM 1237,Sucrose,SU,Z3,7.615,7.193,0.179,0.259,,,,,,,,,,,,,,,,,,,
Acetivibrio thermocellus DSM 1237,Alginic acid,AL,Z1,6.917,6.794,0.192,0.214,0.1776,0.8451,0.260433333,0.0224,0,0.38235,-0.24465,0.04645,0,0.0726,0.0206,0,0,0,0,0,0,0,
Acetivibrio thermocellus DSM 1237,Alginic acid,AL,Z2,6.917,6.857,0.192,0.232,0.1776,0.8227,,,0,0.3359,-0.2911,,0,0.0847,0.0327,0,0,0,,0,0,0,0.357
Acetivibrio thermocellus DSM 1237,Alginic acid,AL,Z3,6.917,6.852,0.192,0.233,0.1776,0.8675,,,0,0.4288,-0.1982,,0,0.0913,0.0393,0,0,0,,0,0,0,0.301
Acetivibrio thermocellus DSM 1237,Xylan,XN,Z1,7.22,6.997,0.175,0.241,0.2485,1.376,0.791333333,0.072528155,0,0.637,0.01,0.07014984,0,0.045,-0.007,0,0.034,0.034,0.038070111,0,0,0,
Acetivibrio thermocellus DSM 1237,Xylan,XN,Z2,7.22,7.093,0.175,0.244,0.2485,1.276,,,0,0.615,-0.012,,0,0.053,0.001,0,0,0.045,,0,0,0,
Acetivibrio thermocellus DSM 1237,Xylan,XN,Z3,7.22,7.162,0.175,0.281,0.2485,1.417,,,0,0.506,-0.121,,0,0.038,-0.014,0,0.076,0.076,,0,0,0,
Acetivibrio thermocellus DSM 1237,Laminaran,LM,Z1,6.936,6.751,0.169,0.257,0.202,1.312,0.727333333,0.055217751,0,1.084,0.457,0.176127795,0,0.034,-0.018,0,0,0,0,0,0,0,
Acetivibrio thermocellus DSM 1237,Laminaran,LM,Z2,6.936,6.7,0.169,0.285,0.202,1.209,0.624333333,,0,0.837,0.21,,0,0.039,-0.013,0,0,0,,0,0,0,
Acetivibrio thermocellus DSM 1237,Laminaran,LM,Z3,6.936,6.834,0.169,0.289,0.202,1.226,0.641333333,,0,0.743,0.116,,0,0.054,0.002,0,0,0,,0,0,0,
Acetivibrio thermocellus DSM 1237,Lactose,LC,Z1,7.351,7.306,0.169,0.185,0.066,0.791,0.206333333,0.09664152,0,0.565,-0.062,0.0135,0,0.033,-0.019,0,0,0,0,0,0,0,
Acetivibrio thermocellus DSM 1237,Lactose,LC,Z2,7.351,7.35,0.169,0.19,0.066,0.636,0.051333333,,0,0.592,-0.035,,0,0.043,-0.009,0,0,0,,0,0,0,
Acetivibrio thermocellus DSM 1237,Lactose,LC,Z3,7.351,7.276,0.169,0.212,0.066,0.6135,0.028833333,,0,0.5785,-0.0485,,0,0.05,-0.002,0,0,0,,0,0,0,
Acetivibrio thermocellus DSM 1237,Fucoidan,FU,Z1,7.413,7.355,0.342,0.359,0.1957,0.601,0.016333333,0.005131601,0,0,-0.627,0,0,0.039,-0.013,0.0729,0,0,0,0,0,0,
Acetivibrio thermocellus DSM 1237,Fucoidan,FU,Z2,7.413,7.354,0.342,0.333,0.1957,0.611,0.026333333,,0,0,-0.627,,0,0.061,0.009,0.0729,0,0,,0,0,0,
Acetivibrio thermocellus DSM 1237,Fucoidan,FU,Z3,7.413,7.299,0.342,0.324,0.1957,0.608,0.023333333,,0,0,-0.627,,0,0.058,0.006,0.0729,0,0,,0,0,0,
Acetivibrio thermocellus DSM 1237,w/o c-source,NS,Z1,7.52,7.423,0.169,0.185,0.2087,0.564,0,0.019218047,0.4867,0.602,0,0.025514702,0,0.055,0.003,0,0,0,0,0,0,0,
Acetivibrio thermocellus DSM 1237,w/o c-source,NS,Z2,7.52,7.512,0.169,0.188,0.2087,0.602,0,,0.4867,0.626,0,,0,0.05,-0.002,0,0,0,,0,0,0,
Acetivibrio thermocellus DSM 1237,w/o c-source,NS,Z3,7.52,7.498,0.169,0.172,0.2087,0.588,0,,0.4867,0.653,0,,0,0.051,-0.001,0,0,0,,0,0,0,
Clostridium ljungdahlii DSM 13528,Mannose,ME,Z1,5.46,5.49,0.32,0.22,0,3.078,0.466333333,0.045177428,,4.042,-0.273666667,0.105604608,,0,0,0,0,0,0,0,0,0,0
Clostridium ljungdahlii DSM 13528,Mannose,ME,Z2,5.46,5.531,0.32,0.254,0,3.145,0.533333333,,,3.839,-0.476666667,,,0,0,0,0,0,0,0,0,0,0
Clostridium ljungdahlii DSM 13528,Mannose,ME,Z3,5.46,5.558,0.32,0.278,0,3.164,0.552333333,,,3.991,-0.324666667,,,0,0,0,0,0,0,0,0,0,0
Clostridium ljungdahlii DSM 13528,Galactose,GA,Z1,5.745,5.615,0.229,0.256,0,3.304,0.692333333,0.393041134,,4.603,0.287333333,0.401263421,,0,0,0,0,0,0,0,0,0,0
Clostridium ljungdahlii DSM 13528,Galactose,GA,Z2,5.745,5.814,0.229,0.251,0,3.056,0.444333333,,,3.906,-0.409666667,,,0,0,0,0,0,0,0,0,0,0
Clostridium ljungdahlii DSM 13528,Galactose,GA,Z3,5.745,5.853,0.229,0.225,0,2.534,-0.077666667,,,3.91,-0.405666667,,,0,0,0,0,0,0,0,0,0,0
Clostridium ljungdahlii DSM 13528,Rhamnose,RH,Z1,5.486,5.275,0.247,0.495,0,4.044,1.432333333,0.110292037,,4.63,0.314333333,0.158502366,,0,0,0,0,0,0,0,0,0,0
Clostridium ljungdahlii DSM 13528,Rhamnose,RH,Z2,5.486,5.16,0.247,0.456,0,3.851,1.239333333,,,4.317,0.001333333,,,0,0,0,0,0,0,0,0,0,0
Clostridium ljungdahlii DSM 13528,Rhamnose,RH,Z3,5.486,5.198,0.247,0.497,0,3.855,1.243333333,,,4.43,0.114333333,,,0,0,0,0,0,0,0,0,0,0
Clostridium ljungdahlii DSM 13528,Mannitol,ML,Z1,6.182,6.15,0.234,0.238,0,3.496,0.884333333,0.053777319,,4.231,-0.084666667,0.055461698,,0,0,0,0,0,0,0,0,0,0
Clostridium ljungdahlii DSM 13528,Mannitol,ML,Z2,6.182,3.425,0.234,0.264,0,3.406,0.794333333,,,4.137,-0.178666667,,,0,0,0,0,0,0,0,0,0,0
Clostridium ljungdahlii DSM 13528,Mannitol,ML,Z3,6.182,6.085,0.234,0.246,0,3.4,0.788333333,,,4.133,-0.182666667,,,0,0,0,0,0,0,0,0,0,0
Clostridium ljungdahlii DSM 13528,Xylose,XY,Z1,5.696,5.513,0.23,1.285,0,2.915,0.303333333,0.065255907,,4.341,0.025333333,0.136793031,,0,0,0,0,0,0,0,0,0,0
Clostridium ljungdahlii DSM 13528,Xylose,XY,Z2,5.696,5.82,0.23,1.122,0,2.945,0.333333333,,,4.612,0.296333333,,,0,0,0,0,0,0,0,0,0,0
Clostridium ljungdahlii DSM 13528,Xylose,XY,Z3,5.696,5.236,0.23,1.098,0,3.04,0.428333333,,,4.444,0.128333333,,,0,0,0,0,0,0,0,0,0,0
Clostridium ljungdahlii DSM 13528,Arabinose,AR,Z1,5.76,5.568,0.232,0.268,0,2.773,0.161333333,0.138141232,,3.823,-0.492666667,0.023245071,,0,0,0,0,0,0,0,0,0,0
Clostridium ljungdahlii DSM 13528,Arabinose,AR,Z2,5.76,5.673,0.232,0.278,0,2.845,0.233333333,,,3.858,-0.457666667,,,0,0,0,0,0,0,0,0,0,0
Clostridium ljungdahlii DSM 13528,Arabinose,AR,Z3,5.76,5.53,0.232,0.288,0,3.04,0.428333333,,,3.867,-0.448666667,,,0,0,0,0,0,0,0,0,0,0
Clostridium ljungdahlii DSM 13528,Glucose,GL,Z1,5.646,5.912,0.25,0.19,0,2.636,0.024333333,0.02192031,,3.672,-0.643666667,0.137178716,,0,0,0,0,0,0,0,0,0,0
Clostridium ljungdahlii DSM 13528,Glucose,GL,Z3,5.646,5.762,0.25,0.219,0,2.667,0.055333333,,,3.866,-0.449666667,,,0,0,0,0,0,0,0,0,0,0
Clostridium ljungdahlii DSM 13528,Fructose,FR,Z1,5.741,5.568,0.26,0.427,0,4.477,1.865333333,0.164199066,,4.261,-0.054666667,0.357381216,,0,0,0,0,0,0,0,0,0,0
Clostridium ljungdahlii DSM 13528,Fructose,FR,Z2,5.741,5.034,0.26,0.43,0,4.299,1.687333333,,,4.879,0.563333333,,,0,0,0,0,0,0,0,0,0,0
Clostridium ljungdahlii DSM 13528,Fructose,FR,Z3,5.741,5.29,0.26,0.434,0,4.149,1.537333333,,,4.259,-0.056666667,,,0,0,0,0,0,0,0,0,0,0
Clostridium ljungdahlii DSM 13528,Cellulose,CL,Z1,6.333,5.756,1.885,2.522,0,2.756,0.144333333,0.067892071,,3.946,-0.369666667,0.035795717,,0,0,0,0,0,0,0,0,0,0
Clostridium ljungdahlii DSM 13528,Cellulose,CL,Z2,6.333,5.993,1.885,2.736,0,2.89,0.278333333,,,3.968,-0.347666667,,,0,0,0,0,0,0,0,0,0,0
Clostridium ljungdahlii DSM 13528,Cellulose,CL,Z3,6.333,5.871,1.885,2.448,0,2.842,0.230333333,,,3.898,-0.417666667,,,0,0,0,0,0,0,0,0,0,0
Clostridium ljungdahlii DSM 13528,Cellobiose,CB,Z1,6.062,5.995,0.257,0.211,0,2.648,0.036333333,0.051588112,,4.4,0.084333333,0.033941125,,0,0,0,0,0,0,0,0,0,0
Clostridium ljungdahlii DSM 13528,Cellobiose,CB,Z2,6.062,5.963,0.257,0.217,0,2.548,-0.063666667,,,4.448,0.132333333,,,0,0,0,0,0,0,0,0,0,0
Clostridium ljungdahlii DSM 13528,Cellobiose,CB,Z3,6.062,6.035,0.257,0.268,0,2.576,-0.035666667,,,4.399,0.083333333,,,0,0,0,0,0,0,0,0,0,0
Clostridium ljungdahlii DSM 13528,Xylobiose,XB,Z1,6.248,5.51,0.248,0.293,0,3.518,0.906333333,0.134019899,,4.389,0.073333333,0.116773285,,0,0,0,0,0,0,0,0,0,0
Clostridium ljungdahlii DSM 13528,Xylobiose,XB,Z2,6.248,5.714,0.248,0.288,0,3.25,0.638333333,,,4.603,0.287333333,,,0,0,0,0,0,0,0,0,0,0
Clostridium ljungdahlii DSM 13528,Xylobiose,XB,Z3,6.248,5.584,0.248,0.276,0,3.38,0.768333333,,,4.415,0.099333333,,,0,0,0,0,0,0,0,0,0,0
Clostridium ljungdahlii DSM 13528,Xylotriose,XT,Z1,6.241,5.646,0.258,0.236,0,3.423,0.811333333,0.118145391,,3.909,-0.406666667,0.082500505,,0,0,0,0,0,0,0,0,0,0
Clostridium ljungdahlii DSM 13528,Xylotriose,XT,Z2,6.241,5.701,0.258,0.249,0,3.198,0.586333333,,,3.992,-0.323666667,,,0,0,0,0,0,0,0,0,0,0
Clostridium ljungdahlii DSM 13528,Xylotriose,XT,Z3,6.241,5.724,0.258,0.252,0,3.248,0.636333333,,,4.074,-0.241666667,,,0,0,0,0,0,0,0,0,0,0
Clostridium ljungdahlii DSM 13528,Sucrose,SU,Z1,6.315,5.84,0.242,0.204,0,2.62,0.008333333,0.196822255,,4.049,-0.266666667,0.129400541,,0,0,0,0,0,0,0,0,0,0
Clostridium ljungdahlii DSM 13528,Sucrose,SU,Z2,6.315,6.051,0.242,0.253,0,2.236,-0.375666667,,,4.215,-0.100666667,,,0,0,0,0,0,0,0,0,0,0
Clostridium ljungdahlii DSM 13528,Sucrose,SU,Z3,6.315,6.05,0.242,0.254,0,2.503,-0.108666667,,,4.032,-0.283666667,,,0,0,0,0,0,0,0,0,0,0
Clostridium ljungdahlii DSM 13528,Alginic acid,AL,Z1,5.617,5.648,0.266,0.291,0,3.284,0.672333333,0.149697473,,3.915,-0.400666667,0.029698485,,0,0,0,0,0,0,0,0,0,0
Clostridium ljungdahlii DSM 13528,Alginic acid,AL,Z3,5.617,5.595,0.266,0.318,0,3.382,0.770333333,,,3.957,-0.358666667,,,0,0,0,0,0,0,0,0,0,0
Clostridium ljungdahlii DSM 13528,Xylan,XN,Z1,5.92,5.857,0.234,0.264,0,3.088,0.476333333,0.144218584,,3.088,-1.227666667,0.626581466,,0,0,0,0,0,0,0,0,0,0
Clostridium ljungdahlii DSM 13528,Xylan,XN,Z2,5.92,5.786,0.234,0.238,0,3.049,0.437333333,,,4.249,-0.066666667,,,0,0,0,0,0,0,0,0,0,0
Clostridium ljungdahlii DSM 13528,Xylan,XN,Z3,5.92,5.652,0.234,0.243,0,3.316,0.704333333,,,4.077,-0.238666667,,,0,0,0,0,0,0,0,0,0,0
Clostridium ljungdahlii DSM 13528,Laminaran,LM,Z1,5.636,5.608,0.254,0.23,0,2.509,-0.102666667,0.049497475,,4.051,-0.264666667,0.14283557,,0,0,0,0,0,0,0,0,0,0
Clostridium ljungdahlii DSM 13528,Laminaran,LM,Z2,5.636,5.362,0.254,0.216,0,2.439,-0.172666667,,,4.253,-0.062666667,,,0,0,0,0,0,0,0,0,0,0
Clostridium ljungdahlii DSM 13528,Laminaran,LM,Z3,,,0.254,,0,,,,,,,,,,,,,,,,,,
Clostridium ljungdahlii DSM 13528,Lactose,LC,Z1,6.051,5.96,0.251,0.228,0,2.763,0.151333333,0.023352373,,4.04,-0.275666667,0.117457794,,0,0,0,0,0,0,0,0,0,0
Clostridium ljungdahlii DSM 13528,Lactose,LC,Z2,6.051,5.962,0.251,0.216,0,2.793,0.181333333,,,4.203,-0.112666667,,,0,0,0,0,0,0,0,0,0,0
Clostridium ljungdahlii DSM 13528,Lactose,LC,Z3,6.051,6.052,0.251,0.259,0,2.747,0.135333333,,,4.268,-0.047666667,,,0,0,0,0,0,0,0,0,0,0
Clostridium ljungdahlii DSM 13528,Fucoidan,FU,Z1,6.113,5.826,0.253,0.271,0,2.624,0.012333333,0.036115555,,4.059,-0.256666667,0.026457513,,0,0,0,0,0,0,0,0,0,0
Clostridium ljungdahlii DSM 13528,Fucoidan,FU,Z2,6.113,5.733,0.253,0.272,0,2.688,0.076333333,,,4.069,-0.246666667,,,0,0,0,0,0,0,0,0,0,0
Clostridium ljungdahlii DSM 13528,Fucoidan,FU,Z3,6.113,5.766,0.253,0.296,0,2.627,0.015333333,,,4.019,-0.296666667,,,0,0,0,0,0,0,0,0,0,0
Clostridium ljungdahlii DSM 13528,w/o c-source,NS,Z1,6.22,5.97,0.233,0.241,0,2.6,-0.011666667,0.010214369,,4.331,0.015333333,0.037434387,,0,0,0,0,0,0,0,0,0,0
Clostridium ljungdahlii DSM 13528,w/o c-source,NS,Z2,6.22,6.093,0.233,0.248,0,2.619,0.007333333,,,4.273,-0.042666667,,,0,0,0,0,0,0,0,0,0,0
Clostridium ljungdahlii DSM 13528,w/o c-source,NS,Z3,6.22,6.184,0.233,0.234,0,2.616,0.004333333,,,4.343,0.027333333,,,0,0,0,0,0,0,0,0,0,0
Eubacterium limosum DSM 20543,Mannose,ME,Z1,6.96,6.724,0.371,0.525,0.238,1.3746,0.504433333,0.067696603,0.1408,0.7468,0.3134,0.059339447,0.1495,0.382,0.3515,0,0.074,0.042,0.019295941,0,0,0,0.062
Eubacterium limosum DSM 20543,Mannose,ME,Z2,6.96,6.705,0.371,0.532,0.238,1.4889,0.618733333,,0.1408,0.6317,0.1983,0.097976545,0.1495,0.244,0.2135,0,0.037,0.005,,0,0,0,0.057
Eubacterium limosum DSM 20543,Mannose,ME,Z3,6.96,6.742,0.371,0.477,0.238,1.3689,0.498733333,,0.1408,0.6642,0.2308,0.118249073,0.1495,0.3139,0.2834,0,0.046,0.014,,0,0,0,0.058
Eubacterium limosum DSM 20543,Galactose,GA,Z1,7.026,6.975,0.356,0.604,0.1791,0.5606,-0.309566667,0.02838051,0.1697,0.4806,0.0472,0.024966845,0.2776,0.4973,0.4668,0,0.032,0,0.002081666,0,0,0,0
Eubacterium limosum DSM 20543,Galactose,GA,Z2,7.026,6.965,0.356,0.494,0.1791,0.6172,-0.252966667,,0.1697,0.4433,0.0099,0.027572994,0.2776,0.4753,0.4448,0,0.031,-0.001,,0,0,0,0
Eubacterium limosum DSM 20543,Galactose,GA,Z3,7.026,6.967,0.356,0.562,0.1791,0.5852,-0.284966667,,0.1697,0.4332,-0.0002,0.030196909,0.2776,0.4964,0.4659,0,0.028,-0.004,,0,0,0,0
Eubacterium limosum DSM 20543,Rhamnose,RH,Z1,6.797,6.513,0.321,0.556,0.1544,0.8745,0.004333333,0.013211485,0.0391,0.4852,0.0518,0.045495641,0.142,0,-0.0305,0,0,,0,0,0,0,0
Eubacterium limosum DSM 20543,Rhamnose,RH,Z2,6.797,6.52,0.321,0.62,0.1544,0.8494,-0.020766667,,0.0391,0.4326,-0.0008,0.09300948,0.142,0,-0.0305,0,0,,,0,0,0,0
Eubacterium limosum DSM 20543,Rhamnose,RH,Z3,6.797,6.545,0.321,0.601,0.1544,0.8548,-0.015366667,,0.0391,0.3946,-0.0388,0.135590794,0.142,0,-0.0305,0,0,,,0,0,0,0
Eubacterium limosum DSM 20543,Mannitol,ML,Z2,7.43,5.318,0.33,0.924,0.1409,0.5972,-0.272966667,0.227503875,0.2869,0.5713,0.1379,0.169321775,0.1795,1.8307,1.8002,0,4.6086,4.5766,2.708419374,0,0.2149,0.2149,0
Eubacterium limosum DSM 20543,Mannitol,ML,Z3,7.43,5.306,0.33,0.837,0.1409,0.6952,-0.174966667,,0.2869,0.3048,-0.1286,0.161696135,0.1795,1.972,1.9415,0,4.7695,4.7375,,0,0.115,0.115,0
Eubacterium limosum DSM 20543,Xylose,XY,Z1,7.013,6.785,0.341,0.531,0.162,1.031,0.160833333,0.026420447,0.2058,0.619,0.1856,0.046498172,0.1628,0.513,0.4825,0,0,,0,0,0,0,0
Eubacterium limosum DSM 20543,Xylose,XY,Z2,7.013,6.803,0.341,0.614,0.162,1.0406,0.170433333,,0.2058,0.5282,0.0948,0.043442989,0.1628,0.4139,0.3834,0,0,,,0,0,0,0
Eubacterium limosum DSM 20543,Xylose,XY,Z3,7.013,6.773,0.341,0.519,0.162,1.0808,0.210633333,,0.2058,0.591,0.1576,0.093371587,0.1628,0.4587,0.4282,0,0,,,0,0,0,0
Eubacterium limosum DSM 20543,Arabinose,AR,Z1,7.025,6.734,0.321,0.846,0.1526,1.3251,0.454933333,0.038559219,0.0577,0.5076,0.0742,0.065180237,0.1562,0.5939,0.5634,0,0.0451,0.0131,0.00473744,0,0.141,0.141,0
Eubacterium limosum DSM 20543,Arabinose,AR,Z2,7.025,6.707,0.321,0.804,0.1526,1.3433,0.473133333,,0.0577,0.4046,-0.0288,0.016223132,0.1562,0.5976,0.5671,0,0.0462,0.0142,,0,0.2,0.2,0
Eubacterium limosum DSM 20543,Arabinose,AR,Z3,7.025,6.714,0.321,0.765,0.1526,1.2693,0.399133333,,0.0577,0.3869,-0.0465,0.061801321,0.1562,0.5905,0.56,0,0.0538,0.0218,,0,0.162,0.162,0
Eubacterium limosum DSM 20543,Glucose,GL,Z1,6.895,4.712,0.318,1.839,0.1349,1.7378,0.867633333,0.022548245,0.052,0.4193,-0.0141,0.069313082,0.1624,1.042,1.0115,0,2.4295,2.3975,0.089449557,0,0,0,0
Eubacterium limosum DSM 20543,Glucose,GL,Z2,6.895,4.834,0.318,1.75,0.1349,1.7751,0.904933333,,0.052,0.2998,-0.1336,0.035597893,0.1624,0.947,0.9165,0,2.2536,2.2216,,0,0,0,0
Eubacterium limosum DSM 20543,Glucose,GL,Z3,6.895,4.803,0.318,1.722,0.1349,1.7345,0.864333333,,0.052,0.2987,-0.1347,0.03411803,0.1624,1,0.9695,0,2.3698,2.3378,,0,0,0,0
Eubacterium limosum DSM 20543,Fructose,FR,Z1,7.005,4.628,0.31,1.629,0.1903,1.0703,0.200133333,0.116092305,0.0569,0.3609,-0.0725,0.008662563,0.1147,0.7061,0.6756,0,3.8307,3.7987,0.218479229,0,0,0,0.941
Eubacterium limosum DSM 20543,Fructose,FR,Z2,7.005,4.596,0.31,1.584,0.1903,0.8901,0.019933333,,0.0569,0.3541,-0.0793,0.136526933,0.1147,0.6652,0.6347,0,4.2015,4.1695,,0,0,0,1.023
Eubacterium limosum DSM 20543,Fructose,FR,Z3,7.005,4.625,0.31,1.578,0.1903,1.107,0.236833333,,0.0569,0.3437,-0.0897,0.121348548,0.1147,0.7263,0.6958,0,3.8159,3.7839,,0,0,0,0.83
Eubacterium limosum DSM 20543,Cellulose,CL,Z1,7.599,7.293,2.012,1.745,0.1603,0.7254,-0.144766667,0.080901257,0.2074,0.5852,0.1518,0.213960378,0.1639,0.2482,0.2177,0,0,-0.032,0,0,0,0,0
Eubacterium limosum DSM 20543,Cellulose,CL,Z2,7.599,7.317,2.012,1.758,0.1603,0.7742,-0.095966667,,0.2074,0.4853,0.0519,0.253642984,0.1639,0.248,0.2175,0,0,-0.032,,0,0,0,0
Eubacterium limosum DSM 20543,Cellulose,CL,Z3,7.599,7.289,2.012,1.794,0.1603,0.8834,0.013233333,,0.2074,0.8956,0.4622,0.224783036,0.1639,0.127,0.0965,0,0,-0.032,,0,0,0,0
Eubacterium limosum DSM 20543,Cellobiose,CB,Z1,7.324,7.038,0.313,0.554,0.1461,0.9779,0.107733333,0.0180025,0.1152,0.9488,0.5154,0.249635715,0.1704,0,-0.0305,0,0,-0.032,0,0,0,0,0.143
Eubacterium limosum DSM 20543,Cellobiose,CB,Z2,7.324,7.086,0.313,0.601,0.1461,0.9641,0.093933333,,0.1152,0.5356,0.1022,0.032422369,0.1704,0,-0.0305,0,0,-0.032,,0,0,0,0.138
Eubacterium limosum DSM 20543,Cellobiose,CB,Z3,7.324,7.107,0.313,0.605,0.1461,0.9422,0.072033333,,0.1152,0.4995,0.0661,0.023868249,0.1704,0,-0.0305,0,0,-0.032,,0,0,0,0.112
Eubacterium limosum DSM 20543,Xylobiose,XB,Z1,7.503,7.284,0.315,0.526,0.1549,0.8334,-0.036766667,0.10366843,0.1444,0.4709,0.0375,0.010164809,0.1893,0,-0.0305,0,0,-0.032,0.025980762,0,0,0,0.137
Eubacterium limosum DSM 20543,Xylobiose,XB,Z2,7.503,7.278,0.315,0.531,0.1549,0.7733,-0.096866667,,0.1444,0.4521,0.0187,0.007256951,0.1893,0,-0.0305,0,0,-0.032,,0,0,0,0.092
Eubacterium limosum DSM 20543,Xylobiose,XB,Z3,7.503,7.24,0.315,0.564,0.1549,0.9752,0.105033333,,0.1444,0.4548,0.0214,0.034717287,0.1893,0,-0.0305,0,0.045,0.013,,0,0,0,0.077
Eubacterium limosum DSM 20543,Xylotriose,XT,Z1,7.5,7.255,0.314,0.549,0.1538,0.9749,0.104733333,0.094036854,0.1257,0.4411,0.0077,0.041542789,0.1744,0,-0.0305,0,0,-0.032,0,0,0,0,0.132
Eubacterium limosum DSM 20543,Xylotriose,XT,Z2,7.5,7.277,0.314,0.51,0.1538,0.7882,-0.081966667,,0.1257,0.389,-0.0444,0.636842699,0.1744,0,-0.0305,0,0,-0.032,,0,0,0,0.13
Eubacterium limosum DSM 20543,Xylotriose,XT,Z3,7.5,7.265,0.314,0.579,0.1538,0.8619,-0.008266667,,0.1257,0.4711,0.0377,0.66872448,0.1744,0,-0.0305,0,0,-0.032,,0,0,0,0.132
Eubacterium limosum DSM 20543,Sucrose,SU,Z1,7.576,5.571,0.318,2.62,0.1417,4.0609,3.190733333,0.094900281,0.1488,1.5308,1.0974,0.088452944,0.16,0.4212,0.3907,0,0.106,0.074,0.004041452,0,0,0,0.174
Eubacterium limosum DSM 20543,Sucrose,SU,Z2,7.576,5.578,0.318,2.8,0.1417,3.8762,3.006033333,,0.1488,1.7076,1.2742,0.69467026,0.16,0.5729,0.5424,0,0.098,0.066,,0,0,0,0.211
Eubacterium limosum DSM 20543,Sucrose,SU,Z3,7.576,5.559,0.318,2.238,0.1417,3.9307,3.060533333,,0.1488,1.6245,1.1911,0.667225946,0.16,0.4888,0.4583,0,0.101,0.069,,0,0,0,0.178
Eubacterium limosum DSM 20543,Alginic acid,AL,Z1,6.873,6.644,0.347,0.533,0.0795,0.8566,-0.013566667,0.146444028,0.0466,0.465,0.0316,0.005859181,0.1502,0,-0.0305,0,0,-0.032,0,0,0,0,0
Eubacterium limosum DSM 20543,Alginic acid,AL,Z2,6.873,6.626,0.347,0.591,0.0795,1.129,0.258833333,,0.0466,0.4727,0.0393,0.046114893,0.1502,0,-0.0305,0,0,-0.032,,0,0,0,0
Eubacterium limosum DSM 20543,Alginic acid,AL,Z3,6.873,6.626,0.347,0.666,0.0795,1.086,0.215833333,,0.0466,0.4612,0.0278,0.042594053,0.1502,0,-0.0305,0,0,-0.032,,0,0,0,0
Eubacterium limosum DSM 20543,Xylan,XN,Z1,7.177,6.893,0.306,0.551,0.2098,1.1596,0.289433333,0.091921996,0.074,0.5462,0.1128,0.03235058,0.157,0,-0.0305,0,0,-0.032,0,0,0,0,0
Eubacterium limosum DSM 20543,Xylan,XN,Z2,7.177,6.917,0.306,0.619,0.2098,1.2432,0.373033333,,0.074,0.5086,0.0752,0.082103126,0.157,0,-0.0305,0,0,-0.032,,0,0,0,0
Eubacterium limosum DSM 20543,Xylan,XN,Z3,7.177,6.925,0.306,0.648,0.2098,1.3432,0.473033333,,0.074,0.4818,0.0484,0.077212844,0.157,0,-0.0305,0,0,-0.032,,0,0,0,0
Eubacterium limosum DSM 20543,Laminaran,LM,Z1,6.898,6.592,0.312,0.566,0.1047,1.0243,0.154133333,0.066922418,0.0573,0.6355,0.2021,0.122064996,0.1525,0,-0.0305,0,0,-0.032,0,0,0,0,0
Eubacterium limosum DSM 20543,Laminaran,LM,Z2,6.898,6.625,0.312,0.658,0.1047,0.9544,0.084233333,,0.0573,0.5457,0.1123,0.07697885,0.1525,0,-0.0305,0,0,-0.032,,0,0,0,0
Eubacterium limosum DSM 20543,Laminaran,LM,Z3,6.898,6.642,0.312,0.682,0.1047,1.0882,0.218033333,,0.0573,0.394,-0.0394,0.290237047,0.1525,0,-0.0305,0,0,-0.032,,0,0,0,0
Eubacterium limosum DSM 20543,Lactose,LC,Z1,7.304,7.069,0.331,0.533,0.1158,0.9785,0.108333333,0.043698169,0.1413,0.4926,0.0592,0.269229289,0.2696,0,-0.0305,0,0,-0.032,0,0,0,0,0.151
Eubacterium limosum DSM 20543,Lactose,LC,Z2,7.304,6.401,0.331,0.714,0.1158,1.052,0.181833333,,0.1413,0.9387,0.5053,0.297812799,0.2696,0,-0.0305,0,0,-0.032,,0,0,0,0.137
Eubacterium limosum DSM 20543,Lactose,LC,Z3,7.304,7.082,0.331,0.614,0.1158,1.0562,0.186033333,,0.1413,0.4545,0.0211,0.030336282,0.2696,0,-0.0305,0,0,-0.032,,0,0,0,0.141
Eubacterium limosum DSM 20543,Fucoidan,FU,Z1,7.371,7.151,0.52,0.587,0.1662,0.6756,-0.194566667,0.11179593,0.0478,0.3962,-0.0372,0.034013674,0.1164,0.1585,0.128,0,0,-0.032,0,0,0,0,0
Eubacterium limosum DSM 20543,Fucoidan,FU,Z2,7.371,7.113,0.52,0.619,0.1662,0.8763,0.006133333,,0.0478,0.4399,0.0065,0.059514116,0.1164,0.1723,0.1418,0,0,-0.032,,0,0,0,0
Eubacterium limosum DSM 20543,Fucoidan,FU,Z3,7.371,7.152,0.52,0.519,0.1662,0.6906,-0.179566667,,0.0478,0.3729,-0.0605,0.062430949,0.1164,0.2259,0.1954,0,0,-0.032,,0,0,0,0
Eubacterium limosum DSM 20543,w/o c-source,NS,Z1,7.276,7.276,0.3,0.448,0,0.8476,-0.022566667,0.050947457,0,0.4916,0.0582,0.050712819,0,0.0915,0.061,0,0.024,-0.008,0.008,0,0,0,0
Eubacterium limosum DSM 20543,w/o c-source,NS,Z2,7.232,7.232,0.3,0.508,0,0.8344,-0.035766667,,0,0.3987,-0.0347,7.026759153,0,0,-0.0305,0,0.032,0,,0,0,0,0
Eubacterium limosum DSM 20543,w/o c-source,NS,Z3,7.26,7.26,0.3,0.542,0,0.9285,0.058333333,,0,0.4099,-0.0235,7.049648147,0,0,-0.0305,0,0.04,0.008,,0,0,0,0
Moorella humiferrea DSM 23265,Mannose,ME,Z1,6.96,6.647,0.1,0.2715,0,0.363,-0.132,0.075106591,,12.575,-1.829,0.712717569,,0.162,-0.018,0,0,0,0,0,0,0,0
Moorella humiferrea DSM 23265,Mannose,ME,Z2,6.96,6.702,0.1,0.231,0,0.454,-0.041,,,12.665,-1.739,,,0.178,-0.002,0,0,0,0,0,0,0,0
Moorella humiferrea DSM 23265,Mannose,ME,Z3,6.96,6.701,0.1,0.312,0,0.305,-0.19,,,11.388,-3.016,,,0.16,-0.02,0,0,0,0,0,0,0,0
Moorella humiferrea DSM 23265,Galactose,GA,Z1,7.026,6.592,0.1,0.146,0,0.577,0.082,0.272503823,,14.999,0.595,2.134723011,,0.179,-0.001,0,0,0,0,0,0,0,0
Moorella humiferrea DSM 23265,Galactose,GA,Z2,7.026,6.741,0.1,0.15,0,0.852,0.357,,,11.03,-3.374,,,0.18,0,0,0,0,0,0,0,0,0
Moorella humiferrea DSM 23265,Galactose,GA,Z3,7.026,6.761,0.1,0.148,0,0.307,-0.188,,,11.652,-2.752,,,0.201,0.021,0,0,0,0,0,0,0,0
Moorella humiferrea DSM 23265,Rhamnose,RH,Z1,6.797,6.699,0.1,0.248,0,0.513,0.018,0.107196082,,13.957,-0.447,1.284507299,,0.33,0.15,0,0,0,0,0,0,0,0
Moorella humiferrea DSM 23265,Rhamnose,RH,Z2,6.797,6.771,0.1,0.223,0,0.454,-0.041,,,12.665,-1.739,,,0.236,0.056,0,0,0,0,0,0,0,0
Moorella humiferrea DSM 23265,Rhamnose,RH,Z3,6.797,6.755,0.1,0.323,0,0.305,-0.19,,,11.388,-3.016,,,0.206,0.026,0,0,0,0,0,0,0,0
Moorella humiferrea DSM 23265,Mannitol,ML,Z1,7.43,7.097,0.1,0.249,0,0.37,-0.125,0.030088758,,12.453,-1.951,0.199719804,,0.163,-0.017,0,0,0,0,0,0,0,0
Moorella humiferrea DSM 23265,Mannitol,ML,Z3,7.43,6.89,0.1,0.2165,0,0.366,-0.129,,,12.765,-1.639,,,0.226,0.046,0,0,0,0,0,0,0,0
Moorella humiferrea DSM 23265,Xylose,XY,Z1,7.013,6.64,0.1,0.14,0,0.316,-0.179,0.013435029,,12.393,-2.011,0.012020815,,0.181,0.001,0,0,0,0,0,0,0,0
Moorella humiferrea DSM 23265,Xylose,XY,Z2,7.013,6.626,0.1,0.139,0,0.297,-0.198,,,12.376,-2.028,,,0.202,0.022,0,0,0,0,0,0,0,0
Moorella humiferrea DSM 23265,Arabinose,AR,Z1,7.013,6.471,0.1,0.2955,0,0.603,0.108,0.011313708,,15.316,0.912,0.016263456,,0.193,0.013,0,0,0,0,0,0,0,0
Moorella humiferrea DSM 23265,Arabinose,AR,Z2,7.025,6.599,0.1,0.261,0,0.587,0.092,,,15.293,0.889,,,0.212,0.032,0,0,0,0,0,0,0,0
Moorella humiferrea DSM 23265,Glucose,GL,Z1,7.025,6.829,0.1,0.316,0,0.248,-0.247,0.026102363,,14.26,-0.144,0.071304511,,0.178,-0.002,0,0,0,0,0,0,0,0
Moorella humiferrea DSM 23265,Glucose,GL,Z2,7.025,6.718,0.1,0.322,0,0.278,-0.217,,,14.349,-0.055,,,0.203,0.023,0,0,0,0,0,0,0,0
Moorella humiferrea DSM 23265,Glucose,GL,Z3,6.895,6.82,0.1,0.31,0,0.3,-0.195,,,14.401,-0.003,,,0.199,0.019,0,0,0,0,0,0,0,0
Moorella humiferrea DSM 23265,Fructose,FR,Z1,6.895,6.82,0.1,0.116,0,0.546,0.051,0.034818577,,13.299,-1.105,0.050599736,,0.159,-0.021,0,0,0,0,0,0,0,0
Moorella humiferrea DSM 23265,Fructose,FR,Z2,6.895,6.858,0.1,0.28,0,0.478,-0.017,,,13.198,-1.206,,,0.169,-0.011,0,0,0,0,0,0,0,0
Moorella humiferrea DSM 23265,Fructose,FR,Z3,7.005,6.905,0.1,0.221,0,0.499,0.004,,,13.254,-1.15,,,0.167,-0.013,0,0,0,0,0,0,0,0
Moorella humiferrea DSM 23265,Cellulose,CL,Z1,7.005,7.056,0.1,1.916,0,0.528,0.033,0.020840665,,13.228,-1.176,0.10017152,,0.17,-0.01,0,0,0,0,0,0,0,0
Moorella humiferrea DSM 23265,Cellulose,CL,Z2,7.005,7.12,0.1,1.97,0,0.501,0.006,,,13.402,-1.002,,,,-0.18,0,0,0,0,0,0,0,0
Moorella humiferrea DSM 23265,Cellulose,CL,Z3,7.599,7.108,0.1,1.993,0,0.487,-0.008,,,13.229,-1.175,,,,-0.18,0,0,0,0,0,0,0,0
Moorella humiferrea DSM 23265,Cellobiose,CB,Z1,7.599,6.832,0.1,0.3105,0,0.476,-0.019,,,13.184,-1.22,,,0.163,-0.017,0,0,0,0,0,0,0,0
Moorella humiferrea DSM 23265,Xylobiose,XB,Z1,7.599,6.631,0.1,0.3275,0,0.651,0.156,0.020506097,,13.356,-1.048,0.032526912,,0.156,-0.024,0,0,0,0,0,0,0,0
Moorella humiferrea DSM 23265,Xylobiose,XB,Z2,7.324,6.673,0.1,0.346,0,0.622,0.127,,,13.402,-1.002,,,0.161,-0.019,0,0,0,0,0,0,0,0
Moorella humiferrea DSM 23265,Xylotriose,XT,Z1,7.324,6.741,0.1,0.271,0,0.426,-0.069,,,14.411,0.007,,,0.184,0.004,0,0,0,0,0,0,0,0
Moorella humiferrea DSM 23265,Xylotriose,XT,Z2,7.324,6.816,0.1,0.238,0,0.399,-0.096,0.067882251,,14.298,-0.106,1.06985256,,0.179,-0.001,0,0,0,0,0,0,0,0
Moorella humiferrea DSM 23265,Sucrose,SU,Z1,7.503,7.13,0.1,0.332,0,0.303,-0.192,0.001414214,,12.785,-1.619,0.005656854,,0.156,-0.024,0,0,0,0,0,0,0,0
Moorella humiferrea DSM 23265,Sucrose,SU,Z2,7.503,7.113,0.1,0.286,0,0.301,-0.194,,,12.793,-1.611,,,0.147,-0.033,0,0,0,0,0,0,0,0
Moorella humiferrea DSM 23265,Alginic acid,AL,Z1,7.503,7.206,0.1,0.419,0,0.496,0.001,0.01979899,,12.919,-1.485,0.082731493,,0.164,-0.016,0,0,0,0,0,0,0,0
Moorella humiferrea DSM 23265,Alginic acid,AL,Z2,7.5,7.205,0.1,0.402,0,0.524,0.029,,,12.802,-1.602,,,0.17,-0.01,0,0,0,0,0,0,0,0
Moorella humiferrea DSM 23265,Xylan,XN,Z1,7.5,6.674,0.1,0.32,0,0.603,0.108,0.067033723,,15.768,1.364,0.046669048,,0.216,0.036,0,0,0,0,0,0,0,0
Moorella humiferrea DSM 23265,Xylan,XN,Z2,7.5,6.707,0.1,0.322,0,0.5082,0.0132,,,15.702,1.298,,,0.201,0.021,0,0,0,0,0,0,0,0
Moorella humiferrea DSM 23265,Laminaran,LM,Z1,7.576,7,0.1,0.282,0,0.625,0.13,0.020506097,,13.653,-0.751,0.036062446,,0.162,-0.018,0,0,0,0,0,0,0,0
Moorella humiferrea DSM 23265,Laminaran,LM,Z2,7.576,7.144,0.1,0.2075,0,0.654,0.159,,,13.602,-0.802,,,0.159,-0.021,0,0,0,0,0,0,0,0
Moorella humiferrea DSM 23265,Lactose,LC,Z1,7.576,6.824,0.1,0.139,0,0.677,0.182,,,15.958,1.554,,,0.159,-0.021,0,0,0,0,0,0,0,0
Moorella humiferrea DSM 23265,Fucoidan,FU,Z1,6.873,7.015,0.1,0.553,0,0.495,0,0.007505553,,12.861,-1.543,0.041012193,,0.175,-0.005,0,0,0,0,0,0,0,0
Moorella humiferrea DSM 23265,Fucoidan,FU,Z2,6.873,7.031,0.1,0.519,0,0.482,-0.013,,,12.803,-1.601,,,0.169,-0.011,0,0,0,0,0,0,0,0
Moorella humiferrea DSM 23265,Fucoidan,FU,Z3,6.873,7.129,0.1,0.627,0,,,,,,,,,0.171,-0.009,0,0,0,0,0,0,0,0
Moorella humiferrea DSM 23265,w/o c-source,NS,Z1,7.177,7.053,0.1,0.204,0,0.495,0,,,14.404,0,,,0.18,0,0,0,0,0,0,0,0,0
Moorella humiferrea DSM 23265,w/o c-source,NS,Z2,7.177,7.177,0.1,0.22,0,0.488,,,,14.4,,,,,,0,0,0,0,0,0,0,0
Moorella humiferrea DSM 23265,w/o c-source,NS,Z3,7.177,7.148,0.1,0.247,0,0.502,,,,14.406,,,,,,0,0,0,0,0,0,0,0
Moorella thermoacetica DSM 7417,Mannose,ME,Z1,6.898,6.814,0.155,0.297,0.4285,1.2984,0.798433333,0.096199913,0.8035,0.8263,-0.054033333,0.03058153,0,0,0,,0,0,0,,0,0,0
Moorella thermoacetica DSM 7417,Mannose,ME,Z2,6.898,6.852,0.155,0.253,0.4285,1.129,0.629033333,,0.8035,0.777,-0.103333333,,0,0,0,,0,0,0,,0,0,0
Moorella thermoacetica DSM 7417,Mannose,ME,Z3,6.898,6.811,0.155,0.21,0.4285,1.1347,0.634733333,,0.8035,0.7703,-0.110033333,,0,0,0,,0,0,0,,0,0,0
Moorella thermoacetica DSM 7417,Galactose,GA,Z1,7.304,6.935,0.158,0.196,0.4165,0.9151,0.415133333,0.011190621,1.0454,1.037,0.156666667,0.069615611,0,0,0,,0,0,0,,0,0,0
Moorella thermoacetica DSM 7417,Galactose,GA,Z2,7.304,6.925,0.158,0.197,0.4165,0.9246,0.424633333,,1.0454,0.9,0.019666667,,0,0,0,,0,0,0,,0,0,0
Moorella thermoacetica DSM 7417,Galactose,GA,Z3,7.304,6.863,0.158,0.203,0.4165,0.9023,0.402333333,,1.0454,0.947,0.066666667,,0,0,0,,0,0,0,,0,0,0
Moorella thermoacetica DSM 7417,Rhamnose,RH,Z1,7.371,7.057,0.159,0.169,0.412,0.5371,0.037133333,0.030249022,0.8589,0.837,-0.043333333,0.012503333,0,0,0,,0,0,0,,0,0,0
Moorella thermoacetica DSM 7417,Rhamnose,RH,Z2,7.371,7.016,0.159,0.162,0.412,0.5512,0.051233333,,0.8589,0.825,-0.055333333,,0,0,0,,0,0,0,,0,0,0
Moorella thermoacetica DSM 7417,Rhamnose,RH,Z3,7.371,7.047,0.159,0.173,0.412,0.5951,0.095133333,,0.8589,0.85,-0.030333333,,0,0,0,,0,0,0,,0,0,0
Moorella thermoacetica DSM 7417,Mannitol,ML,Z1,7.276,7.421,0.159,0.19,0.414,0.4897,-0.010266667,0.013539941,0.9305,0.867,-0.013333333,0.043385866,0,0,0,,0,0,0,,0,0,0
Moorella thermoacetica DSM 7417,Mannitol,ML,Z2,7.232,7.443,0.159,0.193,0.414,0.5122,0.012233333,,0.9305,0.953,0.072666667,,0,0,0,,0,0,0,,0,0,0
Moorella thermoacetica DSM 7417,Mannitol,ML,Z3,7.26,7.25,0.159,0.183,0.414,0.4879,-0.012066667,,0.9305,0.9,0.019666667,,0,0,0,,0,0,0,,0,0,0
Moorella thermoacetica DSM 7417,Xylose,XY,Z1,6.989,6.076,0.154,0.605,0.438,3.5088,3.008833333,0.093578274,0.9702,0.846,-0.034333333,0.036166283,0,0,0,,0,0,0,,0,0,0
Moorella thermoacetica DSM 7417,Xylose,XY,Z2,6.989,6.108,0.154,0.587,0.438,3.4254,2.925433333,,0.9702,0.876,-0.004333333,,0,0,0,,0,0,0,,0,0,0
Moorella thermoacetica DSM 7417,Xylose,XY,Z3,6.989,6.138,0.154,0.569,0.438,3.322,2.822033333,,0.9702,0.918,0.037666667,,0,0,0,,0,0,0,,0,0,0
Moorella thermoacetica DSM 7417,Arabinose,AR,Z1,6.982,6.877,0.148,0.209,0.4045,0.8224,0.322433333,0.020328387,0.7756,0.969,0.088666667,0.077358473,0,0,0,,0,0,0,,0,0,0
Moorella thermoacetica DSM 7417,Arabinose,AR,Z2,6.982,6.86,0.148,0.235,0.4045,0.8323,0.332333333,,0.7756,0.825,-0.055333333,,0,0,0,,0,0,0,,0,0,0
Moorella thermoacetica DSM 7417,Arabinose,AR,Z3,6.982,6.814,0.148,0.256,0.4045,0.8615,0.361533333,,0.7756,0.848,-0.032333333,,0,0,0,,0,0,0,,0,0,0
Moorella thermoacetica DSM 7417,Glucose,GL,Z1,7.067,6.897,0.155,0.344,0.4265,1.2309,0.730933333,0.161860815,0.6792,0.882,0.001666667,0.070436733,0,0,0,,0,0,0,,0,0,0
Moorella thermoacetica DSM 7417,Glucose,GL,Z2,7.067,6.947,0.155,0.275,0.4265,1.1297,0.629733333,,0.6792,0.76,-0.120333333,,0,0,0,,0,0,0,,0,0,0
Moorella thermoacetica DSM 7417,Glucose,GL,Z3,7.067,6.79,0.155,0.396,0.4265,1.4466,0.946633333,,0.6792,0.76,-0.120333333,,0,0,0,,0,0,0,,0,0,0
Moorella thermoacetica DSM 7417,Fructose,FR,Z1,6.818,5.889,0.139,1.16,0.4078,3.1601,2.660133333,0.09799318,0.8664,0.749,-0.131333333,0.065871086,0,0,0,,0,0,0,,0,0,0
Moorella thermoacetica DSM 7417,Fructose,FR,Z2,6.818,5.919,0.139,1.22,0.4078,3.2506,2.750633333,,0.8664,0.877,-0.003333333,,0,0,0,,0,0,0,,0,0,0
Moorella thermoacetica DSM 7417,Fructose,FR,Z3,6.818,5.972,0.139,1.145,0.4078,3.0548,2.554833333,,0.8664,0.786,-0.094333333,,0,0,0,,0,0,0,,0,0,0
Moorella thermoacetica DSM 7417,Cellulose,CL,Z1,7.523,7.576,0.208,2.79,0.4097,0.536,0.036033333,0.012367835,0.8102,0.936,0.055666667,0.044500936,0,0,0,,0,0,0,,0,0,0
Moorella thermoacetica DSM 7417,Cellulose,CL,Z2,7.523,7.57,0.208,2.915,0.4097,0.5115,0.011533333,,0.8102,0.892,0.011666667,,0,0,0,,0,0,0,,0,0,0
Moorella thermoacetica DSM 7417,Cellulose,CL,Z3,7.523,7.576,0.208,2.915,0.4097,0.5267,0.026733333,,0.8102,0.847,-0.033333333,,0,0,0,,0,0,0,,0,0,0
Moorella thermoacetica DSM 7417,Cellobiose,CB,Z1,7.435,7.245,0.148,0.202,0.3728,0.5757,0.075733333,0.008947253,0.7656,1.013,0.132666667,0.073330303,0,0,0,,0,0,0,,0,0,0
Moorella thermoacetica DSM 7417,Cellobiose,CB,Z2,7.435,7.275,0.148,0.168,0.3728,0.5641,0.064133333,,0.7656,0.987,0.106666667,,0,0,0,,0,0,0,,0,0,0
Moorella thermoacetica DSM 7417,Cellobiose,CB,Z3,7.435,7.197,0.148,0.156,0.3728,0.5581,0.058133333,,0.7656,0.875,-0.005333333,,0,0,0,,0,0,0,,0,0,0
Moorella thermoacetica DSM 7417,Xylobiose,XB,Z1,7.462,7.402,0.145,0.185,0.3277,0.5132,0.013233333,0.011153026,0.6947,0.905,0.024666667,0.04878866,0,0,0,,0,0,0,,0,0,0
Moorella thermoacetica DSM 7417,Xylobiose,XB,Z2,7.462,7.454,0.145,0.199,0.3277,0.5239,0.023933333,,0.6947,0.821,-0.059333333,,0,0,0,,0,0,0,,0,0,0
Moorella thermoacetica DSM 7417,Xylobiose,XB,Z3,7.462,7.5,0.145,0.206,0.3277,0.5355,0.035533333,,0.6947,0.82,-0.060333333,,0,0,0,,0,0,0,,0,0,0
Moorella thermoacetica DSM 7417,Xylotriose,XT,Z1,7.465,7.483,0.142,0.177,0.4008,0.5199,0.019933333,0.002672702,0.7899,0.944,0.063666667,0.053153865,0,0,0,,0,0,0,,0,0,0
Moorella thermoacetica DSM 7417,Xylotriose,XT,Z2,7.465,7.408,0.142,0.216,0.4008,0.5156,0.015633333,,0.7899,0.948,0.067666667,,0,0,0,,0,0,0,,0,0,0
Moorella thermoacetica DSM 7417,Xylotriose,XT,Z3,7.465,7.417,0.142,0.175,0.4008,0.5205,0.020533333,,0.7899,0.854,-0.026333333,,0,0,0,,0,0,0,,0,0,0
Moorella thermoacetica DSM 7417,Sucrose,SU,Z1,7.532,7.485,0.158,0.187,0.3773,0.5156,0.015633333,0.008639637,0.7577,0.804,-0.076333333,0.073627441,0,0,0,,0,0,0,,0,0,0
Moorella thermoacetica DSM 7417,Sucrose,SU,Z2,7.532,5.531,0.158,0.174,0.3773,0.4985,-0.001466667,,0.7577,0.951,0.070666667,,0,0,0,,0,0,0,,0,0,0
Moorella thermoacetica DSM 7417,Sucrose,SU,Z3,7.532,7.435,0.158,0.163,0.3773,0.5049,0.004933333,,0.7577,0.885,0.004666667,,0,0,0,,0,0,0,,0,0,0
Moorella thermoacetica DSM 7417,Alginic acid,AL,Z1,-405,7.011,0.174,0.282,0.01,0.24,0.025,,0,0.12,,,0,0,0,,0,0,0,,0,0,0
Moorella thermoacetica DSM 7417,Alginic acid,AL,Z2,-412,7.02,0.162,0.293,0.0102,0.258,0.043,,0,0.124,,,0,0,0,,0,0,0,,0,0,0
Moorella thermoacetica DSM 7417,Alginic acid,AL,Z3,-407,7.018,0.177,0.277,0.0112,0.252,0.029,,0,0.131,,,0,0,0,,0,0,0,,0,0,0
Moorella thermoacetica DSM 7417,Xylan,XN,Z1,7.253,7.026,0.151,0.244,0.4489,0.9554,0.455433333,0.0028,0.7358,1.052,0.171666667,0.095824492,0,0,0,,0,0,0,,0,0,0
Moorella thermoacetica DSM 7417,Xylan,XN,Z2,7.253,7.053,0.151,0.219,0.4489,0.9526,0.452633333,,0.7358,0.919,0.038666667,,0,0,0,,0,0,0,,0,0,0
Moorella thermoacetica DSM 7417,Xylan,XN,Z3,7.253,6.978,0.151,0.223,0.4489,0.9582,0.458233333,,0.7358,0.866,-0.014333333,,0,0,0,,0,0,0,,0,0,0
Moorella thermoacetica DSM 7417,Laminaran,LM,Z1,7.493,7.513,0.153,0.225,0.419,0.547,0.047033333,0.011665762,0.812,0.964,0.083666667,0.045621632,0,0,0,,0,0,0,,0,0,0
Moorella thermoacetica DSM 7417,Laminaran,LM,Z2,7.493,7.537,0.153,0.251,0.419,0.5237,0.023733333,,0.812,0.962,0.081666667,,0,0,0,,0,0,0,,0,0,0
Moorella thermoacetica DSM 7417,Laminaran,LM,Z3,7.493,7.454,0.153,0.245,0.419,0.5364,0.036433333,,0.812,0.884,0.003666667,,0,0,0,,0,0,0,,0,0,0
Moorella thermoacetica DSM 7417,Lactose,LC,Z1,7.433,7.303,0.148,0.174,0.3781,0.5629,0.062933333,0.004687217,0.7811,0.976,0.095666667,0.081467785,0,0,0,,0,0,0,,0,0,0
Moorella thermoacetica DSM 7417,Lactose,LC,Z2,7.433,7.255,0.148,0.173,0.3781,0.561,0.061033333,,0.7811,0.821,-0.059333333,,0,0,0,,0,0,0,,0,0,0
Moorella thermoacetica DSM 7417,Lactose,LC,Z3,7.433,7.214,0.148,0.176,0.3781,0.554,0.054033333,,0.7811,0.855,-0.025333333,,0,0,0,,0,0,0,,0,0,0
Moorella thermoacetica DSM 7417,Fucoidan,FU,Z1,7.356,7.369,0.32,0.45,0.4646,0.5748,0.074833333,0.010164809,0.6569,0.8658,-0.014533333,0.035270573,0,0,0,,0,0,0,,0,0,0
Moorella thermoacetica DSM 7417,Fucoidan,FU,Z2,7.356,7.403,0.32,0.453,0.4646,0.5936,0.093633333,,0.6569,0.92,0.039666667,,0,0,0,,0,0,0,,0,0,0
Moorella thermoacetica DSM 7417,Fucoidan,FU,Z3,7.356,7.289,0.32,0.44,0.4646,0.5775,0.077533333,,0.6569,0.932,0.051666667,,0,0,0,,0,0,0,,0,0,0
Moorella thermoacetica DSM 7417,w/o c-source,NS,Z1,7.422,7.455,0.159,0.191,0.4252,0.5189,0.018933333,0.018561878,0.8564,0.999,0.118666667,0.102787807,0,0,0,,0,0,0,,0,0,0
Moorella thermoacetica DSM 7417,w/o c-source,NS,Z2,7.422,7.435,0.159,0.188,0.4252,0.4818,-0.018166667,,0.8564,0.819,-0.061333333,,0,0,0,,0,0,0,,0,0,0
Moorella thermoacetica DSM 7417,w/o c-source,NS,Z3,7.422,7.486,0.159,0.2,0.4252,0.4992,-0.000766667,,0.8564,0.823,-0.057333333,,0,0,0,,0,0,0,,0,0,0
Thermoanaerobacter kivui DSM 2030,Mannose,ME,Z1,6.996,5.4,0.121,0.705,0.3338,5.4151,4.5452,0.248737619,0.8634,0.9303,0.4192,0.049462713,0,0,0,0,0,0,0,0,0,0,0
Thermoanaerobacter kivui DSM 2030,Mannose,ME,Z2,6.996,5.542,0.121,0.644,0.3338,5.2096,4.3397,,0.8634,0.8379,0.3268,,0,0,0,0,0,0,0,0,0,0,0
Thermoanaerobacter kivui DSM 2030,Mannose,ME,Z3,6.996,5.407,0.121,0.816,0.3338,5.7047,4.8348,,0.8634,0.9147,0.4036,,0,0,0,0,0,0,0,0,0,0,0
Thermoanaerobacter kivui DSM 2030,Galactose,GA,Z1,7.066,6.962,0.123,0.166,0.3046,0.7708,-0.0991,0.005960145,1.074,0.455,-0.0561,0.062693886,0,0,0,0,0,0,0,0,0,0,0
Thermoanaerobacter kivui DSM 2030,Galactose,GA,Z2,7.066,7.038,0.123,0.172,0.3046,0.7609,-0.109,,1.074,0.4178,-0.0933,,0,0,0,0,0,0,0,0,0,0,0
Thermoanaerobacter kivui DSM 2030,Galactose,GA,Z3,7.066,6.907,0.123,0.177,0.3046,0.7601,-0.1098,,1.074,0.5401,0.029,,0,0,0,0,0,0,0,0,0,0,0
Thermoanaerobacter kivui DSM 2030,Rhamnose,RH,Z1,7.089,7.046,0.12,0.181,0.3119,0.7118,-0.1581,0.010850038,0.8985,0.3761,-0.135,0.03272741,0,0,0,0,0,0,0,0,0,0,0
Thermoanaerobacter kivui DSM 2030,Rhamnose,RH,Z2,7.089,6.957,0.12,0.203,0.3119,0.7227,-0.1472,,0.8985,0.4216,-0.0895,,0,0,0,0,0,0,0,0,0,0,0
Thermoanaerobacter kivui DSM 2030,Rhamnose,RH,Z3,7.089,7.043,0.12,0.209,0.3119,0.7335,-0.1364,,0.8985,0.3581,-0.153,,0,0,0,0,0,0,0,0,0,0,0
Thermoanaerobacter kivui DSM 2030,Mannitol,ML,Z1,7.418,5.839,0.113,0.708,0.3025,5.7935,4.9236,0.035629903,0.9851,0.5916,0.0805,0.203809331,0,0,0,0,0,0,0,0,0,0,0
Thermoanaerobacter kivui DSM 2030,Mannitol,ML,Z2,7.418,5.662,0.113,0.895,0.3025,5.8624,4.9925,,0.9851,0.9949,0.4838,,0,0,0,0,0,0,0,0,0,0,0
Thermoanaerobacter kivui DSM 2030,Mannitol,ML,Z3,7.418,5.694,0.113,0.778,0.3025,5.8437,4.9738,,0.9851,0.742,0.2309,,0,0,0,0,0,0,0,0,0,0,0
Thermoanaerobacter kivui DSM 2030,Xylose,XY,Z1,7.014,6.916,0.114,0.191,0.3515,0.685,-0.1849,0.038969903,0.8445,0.3378,-0.1733,0.140427348,0,0,0,0,0,0,0,0,0,0,0
Thermoanaerobacter kivui DSM 2030,Xylose,XY,Z2,7.014,6.905,0.114,0.188,0.3515,0.7584,-0.1115,,0.8445,0.2922,-0.2189,,0,0,0,0,0,0,0,0,0,0,0
Thermoanaerobacter kivui DSM 2030,Xylose,XY,Z3,7.014,6.869,0.114,0.207,0.3515,0.7444,-0.1255,,0.8445,0.555,0.0439,,0,0,0,0,0,0,0,0,0,0,0
Thermoanaerobacter kivui DSM 2030,Arabinose,AR,Z1,7.025,6.886,0.115,0.181,0.3111,0.7318,-0.1381,0.006372074,0.8958,0.31,-0.2011,0.030237945,0,0,0,0,0,0,0,0,0,0,0
Thermoanaerobacter kivui DSM 2030,Arabinose,AR,Z2,7.025,6.894,0.115,0.181,0.3111,0.7193,-0.1506,,0.8958,0.299,-0.2121,,0,0,0,0,0,0,0,0,0,0,0
Thermoanaerobacter kivui DSM 2030,Arabinose,AR,Z3,7.025,6.883,0.115,0.18,0.3111,0.7234,-0.1465,,0.8958,0.356,-0.1551,,0,0,0,0,0,0,0,0,0,0,0
Thermoanaerobacter kivui DSM 2030,Glucose,GL,Z1,7.206,5.475,0.104,0.787,0.3306,5.5432,4.6733,0.039685136,0.6114,0.8404,0.3293,0.199779912,0,0,0,0,0,0,0,0,0,0,0
Thermoanaerobacter kivui DSM 2030,Glucose,GL,Z2,7.206,5.533,0.104,0.842,0.3306,5.5873,4.7174,,0.6114,0.4436,-0.0675,,0,0,0,0,0,0,0,0,0,0,0
Thermoanaerobacter kivui DSM 2030,Glucose,GL,Z3,7.206,5.514,0.104,0.839,0.3306,5.5081,4.6382,,0.6114,0.6014,0.0903,,0,0,0,0,0,0,0,0,0,0,0
Thermoanaerobacter kivui DSM 2030,Fructose,FR,Z1,6.855,5.325,0.108,0.714,0.3316,4.6411,3.7712,0.088438472,0.9001,0.7046,0.1935,0.016924637,0,0,0,0,0,0,0,0,0,0,0
Thermoanaerobacter kivui DSM 2030,Fructose,FR,Z2,6.855,5.387,0.108,0.694,0.3316,4.4811,3.6112,,0.9001,0.6905,0.1794,,0,0,0,0,0,0,0,0,0,0,0
Thermoanaerobacter kivui DSM 2030,Fructose,FR,Z3,6.855,5.393,0.108,0.69,0.3316,4.4958,3.6259,,0.9001,0.7242,0.2131,,0,0,0,0,0,0,0,0,0,0,0
Thermoanaerobacter kivui DSM 2030,Cellulose,CL,Z1,7.53,7.365,0.173,2.885,0.3314,0.8797,0.0098,0.005307856,0.7807,0.928,0.4169,0.096581589,0,0,0,0,0,0,0,0,0,0,0
Thermoanaerobacter kivui DSM 2030,Cellulose,CL,Z2,7.53,7.389,0.173,2.835,0.3314,0.8845,0.0146,,0.7807,0.7959,0.2848,,0,0,0,0,0,0,0,0,0,0,0
Thermoanaerobacter kivui DSM 2030,Cellulose,CL,Z3,7.53,7.453,0.173,2.602,0.3314,0.8903,0.0204,,0.7807,0.7399,0.2288,,0,0,0,0,0,0,0,0,0,0,0
Thermoanaerobacter kivui DSM 2030,Cellobiose,CB,Z1,7.46,7.012,0.115,0.237,0.3323,1.4065,0.5366,0.052165538,0.8097,0.8706,0.3595,0.090521876,0,0,0,0,0,0,0,0,0,0,0
Thermoanaerobacter kivui DSM 2030,Cellobiose,CB,Z2,7.46,7.082,0.115,0.239,0.3323,1.3166,0.4467,,0.8097,0.8453,0.3342,,0,0,0,0,0,0,0,0,0,0,0
Thermoanaerobacter kivui DSM 2030,Cellobiose,CB,Z3,7.46,7.002,0.115,0.279,0.3323,1.4074,0.5375,,0.8097,0.7027,0.1916,,0,0,0,0,0,0,0,0,0,0,0
Thermoanaerobacter kivui DSM 2030,Xylobiose,XB,Z1,7.495,7.308,0.114,0.207,0.3479,0.859,-0.0109,0.00330202,0.7922,0.6327,0.1216,0.087514932,0,0,0,0,0,0,0,0,0,0,0
Thermoanaerobacter kivui DSM 2030,Xylobiose,XB,Z2,7.495,7.332,0.114,0.201,0.3479,0.8621,-0.0078,,0.7922,0.5424,0.0313,,0,0,0,0,0,0,0,0,0,0,0
Thermoanaerobacter kivui DSM 2030,Xylobiose,XB,Z3,7.495,7.309,0.114,0.196,0.3479,0.8656,-0.0043,,0.7922,0.7174,0.2063,,0,0,0,0,0,0,0,0,0,0,0
Thermoanaerobacter kivui DSM 2030,Xylotriose,XT,Z1,7.501,7.455,0.112,0.2,0.3447,0.8314,-0.0385,0.022612386,0.8437,0.355,-0.1561,0.122145009,0,0,0,0,0,0,0,0,0,0,0
Thermoanaerobacter kivui DSM 2030,Xylotriose,XT,Z2,7.501,7.3,0.112,0.21,0.3447,0.8764,0.0065,,0.8437,0.4471,-0.064,,0,0,0,0,0,0,0,0,0,0,0
Thermoanaerobacter kivui DSM 2030,Xylotriose,XT,Z3,7.501,7.281,0.112,0.204,0.3447,0.85,-0.0199,,0.8437,0.597,0.0859,,0,0,0,0,0,0,0,0,0,0,0
Thermoanaerobacter kivui DSM 2030,Sucrose,SU,Z1,7.554,7.045,0.14,0.354,0.3376,2.035,1.1651,0.021025699,0.7881,0.307,-0.2041,0.156705233,0,0,0,0,0,0,0,0,0,0,0
Thermoanaerobacter kivui DSM 2030,Sucrose,SU,Z2,7.554,7.008,0.14,0.329,0.3376,2.0158,1.1459,,0.7881,0.5923,0.0812,,0,0,0,0,0,0,0,0,0,0,0
Thermoanaerobacter kivui DSM 2030,Sucrose,SU,Z3,7.554,7.018,0.14,0.373,0.3376,2.0578,1.1879,,0.7881,0.562,0.0509,,0,0,0,0,0,0,0,0,0,0,0
Thermoanaerobacter kivui DSM 2030,Alginic acid,AL,Z1,,,0.173,0.176,0,0,0,0,0,0,0,0,0,0,0,0,0,0,0,0,0,0,0
Thermoanaerobacter kivui DSM 2030,Alginic acid,AL,Z2,,,0.172,0.165,0,0,0,0,0,0,0,0,0,0,0,0,0,0,0,0,0,0,0
Thermoanaerobacter kivui DSM 2030,Alginic acid,AL,Z3,,,0.17,0.172,0,0,0,0,0,0,0,0,0,0,0,0,0,0,0,0,0,0,0
Thermoanaerobacter kivui DSM 2030,Xylan,XN,Z1,7.285,6.925,0.137,0.193,0.3624,1.336,0.4661,0.022574543,0.8297,0.8886,0.3775,0.110400543,0,0,0,0,0,0,0,0,0,0,0
Thermoanaerobacter kivui DSM 2030,Xylan,XN,Z2,7.285,6.935,0.137,0.218,0.3624,1.3411,0.4712,,0.8297,0.7776,0.2665,,0,0,0,0,0,0,0,0,0,0,0
Thermoanaerobacter kivui DSM 2030,Xylan,XN,Z3,7.285,6.946,0.137,0.194,0.3624,1.2997,0.4298,,0.8297,0.6678,0.1567,,0,0,0,0,0,0,0,0,0,0,0
Thermoanaerobacter kivui DSM 2030,Laminaran,LM,Z1,7.521,7.317,0.163,0.226,0.3186,0.905,0.0351,0.04368024,0.8489,0.4873,-0.0238,0.065510534,0,0,0,0,0,0,0,0,0,0,0
Thermoanaerobacter kivui DSM 2030,Laminaran,LM,Z2,7.521,7.323,0.163,0.214,0.3186,0.8487,-0.0212,,0.8489,0.521,0.0099,,0,0,0,0,0,0,0,0,0,0,0
Thermoanaerobacter kivui DSM 2030,Laminaran,LM,Z3,7.521,7.328,0.163,0.25,0.3186,0.819,-0.0509,,0.8489,0.3945,-0.1166,,0,0,0,0,0,0,0,0,0,0,0
Thermoanaerobacter kivui DSM 2030,Lactose,LC,Z1,7.473,7.115,0.112,0.178,0.323,0.8885,0.0186,0.03745,0.8387,0.8083,0.2972,0.002757716,0,0,0,0,0,0,0,0,0,0,0
Thermoanaerobacter kivui DSM 2030,Lactose,LC,Z2,7.473,7.188,0.112,0.229,0.323,0.85105,-0.01885,,,,,,0,0,0,0,0,0,0,0,0,0,0
Thermoanaerobacter kivui DSM 2030,Lactose,LC,Z3,7.473,7.206,0.112,0.32,0.323,0.8136,-0.0563,,0.8387,0.8044,0.2933,,0,0,0,0,0,0,0,0,0,0,0
Thermoanaerobacter kivui DSM 2030,Fucoidan,FU,Z1,7.382,7.254,0.215,0.47,0.3528,0.9106,0.0407,0.013682471,0.738,0.307,-0.2041,0.06032313,0,0,0,0,0,0,0,0,0,0,0
Thermoanaerobacter kivui DSM 2030,Fucoidan,FU,Z2,7.382,7.221,0.215,0.425,0.3528,0.9197,0.0498,,0.738,0.421,-0.0901,,0,0,0,0,0,0,0,0,0,0,0
Thermoanaerobacter kivui DSM 2030,Fucoidan,FU,Z3,7.382,7.184,0.215,0.441,0.3528,0.9375,0.0676,,0.738,0.3982,-0.1129,,0,0,0,0,0,0,0,0,0,0,0
Thermoanaerobacter kivui DSM 2030,w/o c-source,NS,Z1,7.431,7.262,0.109,0.213,0.3773,0.8887,0.0188,0.080170631,0.5836,0.6992,0.1881,0.19013156,0,0,0,0,0,0,0,0,0,0,0
Thermoanaerobacter kivui DSM 2030,w/o c-source,NS,Z2,7.431,7.292,0.109,0.192,0.3773,0.782,-0.0879,,0.5836,0.319,-0.1921,,0,0,0,0,0,0,0,0,0,0,0
Thermoanaerobacter kivui DSM 2030,w/o c-source,NS,Z3,7.431,7.276,0.109,0.227,0.3773,0.939,0.0691,,0.5836,0.5151,0.004,,0,0,0,0,0,0,0,0,0,0,0
Thermoanaerobacter kivui DSM 2030,Xylan,XN,Z3,7.285,6.946,0.137,0.194,0.3624,1.2997,0.406366667,0.8297,0.5678,0.0567,,,0,,,,,,0,,,,
Thermoanaerobacter kivui DSM 2030,Laminaran,LM,Z1,7.521,7.317,0.163,0.226,0.3186,0.5821,-0.311233333,0.8489,0.7873,0.2762,,,0,,,,,,0,,,,
Thermoanaerobacter kivui DSM 2030,Laminaran,LM,Z2,7.521,7.323,0.163,0.214,0.3186,0.8487,-0.044633333,0.8489,0.821,0.3099,,,0,,,,,,0,,,,
Thermoanaerobacter kivui DSM 2030,Laminaran,LM,Z3,7.521,7.328,0.163,0.25,0.3186,0.819,-0.074333333,0.8489,0.3945,-0.1166,,,0,,,,,,0,,,,
Thermoanaerobacter kivui DSM 2030,Lactose,LC,Z1,7.473,7.115,0.112,0.178,0.323,0.8885,-0.004833333,0.8387,0.8083,0.2972,,,0,,,,,,0,,,,
Thermoanaerobacter kivui DSM 2030,Lactose,LC,Z2,7.473,7.188,0.112,0.229,0.323,0.85105,-0.042283333,,,-0.5111,,,0,,,,,,0,,,,
Thermoanaerobacter kivui DSM 2030,Lactose,LC,Z3,7.473,7.206,0.112,0.32,0.323,0.8136,-0.079733333,0.8387,0.5024,-0.0087,,,0,,,,,,0,,,,
Thermoanaerobacter kivui DSM 2030,Fucoidan,FU,Z1,7.382,7.254,0.215,0.47,0.3528,0.9106,0.017266667,0.738,0.2708,-0.2403,,,0,,,,,,0,,,,
Thermoanaerobacter kivui DSM 2030,Fucoidan,FU,Z2,7.382,7.221,0.215,0.425,0.3528,0.9197,0.026366667,0.738,0.5651,0.054,,,0,,,,,,0,,,,
Thermoanaerobacter kivui DSM 2030,Fucoidan,FU,Z3,7.382,7.184,0.215,0.441,0.3528,0.9375,0.044166667,0.738,0.3982,-0.1129,,,0,,,,,,0,,,,
Thermoanaerobacter kivui DSM 2030,w/o c-source,NS,Z1,7.431,7.262,0.109,0.213,0.3773,0.8887,-0.004633333,0.5836,0.6992,0.1881,,,0,,,,,,0,,,,
Thermoanaerobacter kivui DSM 2030,w/o c-source,NS,Z2,7.431,7.292,0.109,0.192,0.3773,0.8928,-0.000533333,0.5836,0.319,-0.1921,,,0,,,,,,0,,,,
Thermoanaerobacter kivui DSM 2030,w/o c-source,NS,Z3,7.431,7.276,0.109,0.227,0.3773,0.8985,0.005166667,0.5836,0.5151,0.004,,,0,,,,,,0,,,,
